"bins","draw","lower","upper","width","covered","certified"
1,1,-0.27634047457665,0.260481546505662,0.536822021082313,TRUE,FALSE
1,2,-0.289826925679879,0.277619156775056,0.567446082454935,TRUE,FALSE
1,3,-0.263976665253168,0.252103410602345,0.516080075855513,TRUE,FALSE
1,4,-0.273885276370659,0.251486955377303,0.525372231747961,TRUE,FALSE
1,5,-0.271386848406042,0.256841173506837,0.52822802191288,TRUE,FALSE
1,6,-0.266455742066221,0.260153865941075,0.526609608007296,TRUE,FALSE
1,7,-0.273260959385899,0.26622684332813,0.539487802714029,TRUE,FALSE
1,8,-0.28312140783185,0.275002671082123,0.558124078913973,TRUE,FALSE
1,9,-0.271483022070147,0.261705965360029,0.533188987430176,TRUE,FALSE
1,10,-0.269815991280299,0.254112151701439,0.523928142981738,TRUE,FALSE
1,11,-0.274595727242274,0.259895871756972,0.534491598999246,TRUE,FALSE
1,12,-0.273465107711059,0.265353710224186,0.538818817935245,TRUE,FALSE
1,13,-0.264784891926314,0.249944261967753,0.514729153894067,TRUE,FALSE
1,14,-0.279079197888173,0.26727752023405,0.546356718122222,TRUE,FALSE
1,15,-0.268793891517227,0.255288294932267,0.524082186449494,TRUE,FALSE
1,16,-0.264240770697609,0.250176944458236,0.514417715155845,TRUE,FALSE
1,17,-0.266864617904001,0.262236567552989,0.52910118545699,TRUE,FALSE
1,18,-0.270333194724284,0.260750762884061,0.531083957608345,TRUE,FALSE
1,19,-0.279332692783023,0.269411121845379,0.548743814628402,TRUE,FALSE
1,20,-0.26155041816105,0.255381015793479,0.516931433954529,TRUE,FALSE
1,21,-0.280510841784812,0.254299195416976,0.534810037201788,TRUE,FALSE
1,22,-0.275466501909734,0.252842045900402,0.528308547810137,TRUE,FALSE
1,23,-0.265172987699748,0.246399361423834,0.511572349123582,TRUE,FALSE
1,24,-0.264034803823061,0.257967116803328,0.522001920626389,TRUE,FALSE
1,25,-0.276423358707532,0.26578325250051,0.542206611208042,TRUE,FALSE
1,26,-0.277893422293606,0.268119179749907,0.546012602043513,TRUE,FALSE
1,27,-0.267690542871696,0.257746715879494,0.52543725875119,TRUE,FALSE
1,28,-0.2729415260429,0.264913740595392,0.537855266638292,TRUE,FALSE
1,29,-0.272515132895447,0.259682259592762,0.532197392488208,TRUE,FALSE
1,30,-0.263641396987723,0.248568644436158,0.512210041423881,TRUE,FALSE
1,31,-0.274413605103647,0.263646893880991,0.538060498984637,TRUE,FALSE
1,32,-0.251908937009437,0.261119011418156,0.513027948427593,TRUE,FALSE
1,33,-0.268828607661333,0.254576958185376,0.523405565846708,TRUE,FALSE
1,34,-0.265246431068592,0.240864352127946,0.506110783196538,TRUE,FALSE
1,35,-0.272358663551523,0.258697625253998,0.531056288805521,TRUE,FALSE
1,36,-0.268541973379623,0.258573466408872,0.527115439788494,TRUE,FALSE
1,37,-0.265266497724719,0.256308174488208,0.521574672212928,TRUE,FALSE
1,38,-0.277230835015292,0.27182932205302,0.549060157068312,TRUE,FALSE
1,39,-0.271101308586204,0.264665578374013,0.535766886960216,TRUE,FALSE
1,40,-0.266167278386421,0.250516621861851,0.516683900248272,TRUE,FALSE
1,41,-0.279791619742123,0.263314597177888,0.543106216920011,TRUE,FALSE
1,42,-0.283896415936904,0.274326500079916,0.558222916016821,TRUE,FALSE
1,43,-0.277123572559636,0.263968674500705,0.541092247060341,TRUE,FALSE
1,44,-0.269368322014163,0.25360864133744,0.522976963351603,TRUE,FALSE
1,45,-0.28123466103241,0.263301505236415,0.544536166268825,TRUE,FALSE
1,46,-0.254507225292682,0.239451002827138,0.493958228119821,TRUE,FALSE
1,47,-0.277302788848876,0.267533185181513,0.544835974030389,TRUE,FALSE
1,48,-0.287946205417609,0.277920489782223,0.565866695199832,TRUE,FALSE
1,49,-0.271090607700936,0.254930904958676,0.526021512659612,TRUE,FALSE
1,50,-0.279192696785768,0.263522554787066,0.542715251572834,TRUE,FALSE
1,51,-0.265398489809137,0.260599944865667,0.525998434674804,TRUE,FALSE
1,52,-0.28006248859157,0.265830624149949,0.54589311274152,TRUE,FALSE
1,53,-0.270717103572791,0.262163119291338,0.532880222864128,TRUE,FALSE
1,54,-0.28444268153959,0.2733335525435,0.55777623408309,TRUE,FALSE
1,55,-0.269181310987434,0.254886593750057,0.524067904737491,TRUE,FALSE
1,56,-0.28211461501199,0.272499934311141,0.554614549323131,TRUE,FALSE
1,57,-0.261887789175475,0.270282880689446,0.532170669864921,TRUE,FALSE
1,58,-0.283456688747921,0.270682164115278,0.5541388528632,TRUE,FALSE
1,59,-0.273730408045267,0.255483339699339,0.529213747744605,TRUE,FALSE
1,60,-0.282287366296705,0.262599197540709,0.544886563837414,TRUE,FALSE
1,61,-0.276254457251118,0.263655643607908,0.539910100859026,TRUE,FALSE
1,62,-0.275320835015623,0.262194362944063,0.537515197959686,TRUE,FALSE
1,63,-0.265441716845036,0.263281926061292,0.528723642906327,TRUE,FALSE
1,64,-0.269318211158054,0.248103160855019,0.517421372013073,TRUE,FALSE
1,65,-0.260302821193933,0.256429185250224,0.516732006444157,TRUE,FALSE
1,66,-0.275757464222424,0.264806731190137,0.540564195412562,TRUE,FALSE
1,67,-0.261936225126007,0.250263681108237,0.512199906234244,TRUE,FALSE
1,68,-0.256688816331506,0.267887120079871,0.524575936411377,TRUE,FALSE
1,69,-0.28524740020693,0.270257763710289,0.555505163917219,TRUE,FALSE
1,70,-0.267575169666338,0.243721103547186,0.511296273213524,TRUE,FALSE
1,71,-0.274561850833487,0.259028974320835,0.533590825154322,TRUE,FALSE
1,72,-0.273161859660485,0.260844359248918,0.534006218909403,TRUE,FALSE
1,73,-0.278274094800928,0.268898195048492,0.547172289849419,TRUE,FALSE
1,74,-0.256910903407407,0.244725089400748,0.501635992808156,TRUE,FALSE
1,75,-0.273262722444415,0.249906404226575,0.52316912667099,TRUE,FALSE
1,76,-0.277975930754239,0.243934716032115,0.521910646786354,TRUE,FALSE
1,77,-0.27775703603076,0.261405290069579,0.539162326100338,TRUE,FALSE
1,78,-0.269664301141751,0.270281782920682,0.539946084062433,TRUE,FALSE
1,79,-0.270325658446701,0.257166531989609,0.527492190436309,TRUE,FALSE
1,80,-0.279726375861408,0.269257194799959,0.548983570661366,TRUE,FALSE
1,81,-0.274252033457747,0.263695244344597,0.537947277802344,TRUE,FALSE
1,82,-0.279523140437922,0.267186896737785,0.546710037175707,TRUE,FALSE
1,83,-0.281004516476465,0.266902887138367,0.547907403614832,TRUE,FALSE
1,84,-0.270526190832488,0.255712718867749,0.526238909700237,TRUE,FALSE
1,85,-0.27591724373804,0.263065718460529,0.538982962198569,TRUE,FALSE
1,86,-0.270794478608944,0.25738619937051,0.528180677979454,TRUE,FALSE
1,87,-0.278179678782437,0.264686585051482,0.542866263833919,TRUE,FALSE
1,88,-0.290292029913149,0.276522539035813,0.566814568948961,TRUE,FALSE
1,89,-0.275290755153909,0.271286927923485,0.546577683077393,TRUE,FALSE
1,90,-0.280725906701775,0.267219994262245,0.54794590096402,TRUE,FALSE
1,91,-0.27104616970541,0.262239816989732,0.533285986695142,TRUE,FALSE
1,92,-0.276017101324454,0.265441627963508,0.541458729287962,TRUE,FALSE
1,93,-0.262924465823871,0.247050844595398,0.509975310419269,TRUE,FALSE
1,94,-0.281799491198439,0.268472790493675,0.550272281692114,TRUE,FALSE
1,95,-0.263090784632199,0.25710551098541,0.520196295617609,TRUE,FALSE
1,96,-0.279531593944082,0.265206493332944,0.544738087277026,TRUE,FALSE
1,97,-0.272623774495622,0.266693684811212,0.539317459306835,TRUE,FALSE
1,98,-0.278340874125828,0.260299639487186,0.538640513613014,TRUE,FALSE
1,99,-0.264177494334254,0.272346090363128,0.536523584697382,TRUE,FALSE
1,100,-0.26463965290059,0.252712412229434,0.517352065130025,TRUE,FALSE
1,101,-0.278707195243266,0.26703142463421,0.545738619877476,TRUE,FALSE
1,102,-0.288960491727111,0.270760451045419,0.559720942772529,TRUE,FALSE
1,103,-0.274471233621186,0.261540765482009,0.536011999103195,TRUE,FALSE
1,104,-0.286044744678067,0.270960387473115,0.557005132151182,TRUE,FALSE
1,105,-0.279489878533373,0.264271942421412,0.543761820954786,TRUE,FALSE
1,106,-0.265972962312612,0.251919237935451,0.517892200248063,TRUE,FALSE
1,107,-0.281732579116781,0.270455065099749,0.55218764421653,TRUE,FALSE
1,108,-0.274911248075086,0.263761191602955,0.538672439678041,TRUE,FALSE
1,109,-0.277576998561689,0.259728851390595,0.537305849952284,TRUE,FALSE
1,110,-0.259141450368372,0.248784997194441,0.507926447562813,TRUE,FALSE
1,111,-0.278842467627776,0.265659264454735,0.54450173208251,TRUE,FALSE
1,112,-0.278058335027864,0.264316286579845,0.542374621607709,TRUE,FALSE
1,113,-0.285063311778343,0.278611423129881,0.563674734908224,TRUE,FALSE
1,114,-0.273270980414241,0.259487488078754,0.532758468492995,TRUE,FALSE
1,115,-0.262698487538693,0.245062281691014,0.507760769229707,TRUE,FALSE
1,116,-0.258877984423712,0.250715985952168,0.50959397037588,TRUE,FALSE
1,117,-0.275767346249913,0.25737471011101,0.533142056360923,TRUE,FALSE
1,118,-0.275118981245939,0.264418584943699,0.539537566189638,TRUE,FALSE
1,119,-0.271940243897582,0.239163465894791,0.511103709792372,TRUE,FALSE
1,120,-0.276065087202243,0.266027314132119,0.542092401334363,TRUE,FALSE
1,121,-0.24926164228609,0.235819007445456,0.485080649731546,TRUE,FALSE
1,122,-0.266876774058189,0.245614423817087,0.512491197875276,TRUE,FALSE
1,123,-0.260541776951904,0.255553787116107,0.516095564068011,TRUE,FALSE
1,124,-0.27315616140652,0.264746632903293,0.537902794309814,TRUE,FALSE
1,125,-0.284170648126497,0.271617396695769,0.555788044822266,TRUE,FALSE
1,126,-0.273856763247985,0.227394749692516,0.501251512940501,TRUE,FALSE
1,127,-0.273066409337292,0.267410851875364,0.540477261212656,TRUE,FALSE
1,128,-0.24274645387638,0.254583035707484,0.497329489583864,TRUE,FALSE
1,129,-0.274729979556485,0.261222506422056,0.535952485978541,TRUE,FALSE
1,130,-0.277880216153796,0.265810545046577,0.543690761200372,TRUE,FALSE
1,131,-0.285242168667174,0.269457151017895,0.554699319685069,TRUE,FALSE
1,132,-0.266252943476947,0.258860438737984,0.525113382214931,TRUE,FALSE
1,133,-0.268027965789381,0.260855465940563,0.528883431729943,TRUE,FALSE
1,134,-0.2794438375447,0.272902567273217,0.552346404817917,TRUE,FALSE
1,135,-0.278558737856917,0.262572973182317,0.541131711039234,TRUE,FALSE
1,136,-0.276863482444123,0.260133156255862,0.536996638699984,TRUE,FALSE
1,137,-0.270172193216692,0.264018300447054,0.534190493663746,TRUE,FALSE
1,138,-0.276024105613838,0.267946084431564,0.543970190045402,TRUE,FALSE
1,139,-0.283126902541187,0.269073045072781,0.552199947613968,TRUE,FALSE
1,140,-0.277345249794565,0.250572622036684,0.527917871831249,TRUE,FALSE
1,141,-0.276397618400245,0.266856405971713,0.543254024371957,TRUE,FALSE
1,142,-0.286302938378425,0.271621996044296,0.557924934422721,TRUE,FALSE
1,143,-0.281093361843937,0.269520494275679,0.550613856119616,TRUE,FALSE
1,144,-0.281045970989486,0.271485889629176,0.552531860618662,TRUE,FALSE
1,145,-0.272823153478719,0.259404200896785,0.532227354375504,TRUE,FALSE
1,146,-0.272813501523114,0.263855230477816,0.536668732000929,TRUE,FALSE
1,147,-0.269099498623802,0.23798042680105,0.507079925424852,TRUE,FALSE
1,148,-0.261386330434616,0.268404953673072,0.529791284107689,TRUE,FALSE
1,149,-0.27181787662832,0.2595112058493,0.53132908247762,TRUE,FALSE
1,150,-0.276327746672825,0.268775711426853,0.545103458099678,TRUE,FALSE
1,151,-0.265609696502772,0.239416485952513,0.505026182455285,TRUE,FALSE
1,152,-0.26680311691428,0.256249534334555,0.523052651248835,TRUE,FALSE
1,153,-0.27796809009575,0.270760602200291,0.54872869229604,TRUE,FALSE
1,154,-0.277274948324223,0.267382267560068,0.54465721588429,TRUE,FALSE
1,155,-0.274944204227999,0.263103228535428,0.538047432763427,TRUE,FALSE
1,156,-0.272190093370592,0.266022269432454,0.538212362803047,TRUE,FALSE
1,157,-0.276495326896298,0.263881199905323,0.540376526801621,TRUE,FALSE
1,158,-0.263607316900699,0.248789844364008,0.512397161264707,TRUE,FALSE
1,159,-0.269831557406339,0.256674794553791,0.52650635196013,TRUE,FALSE
1,160,-0.283059727595258,0.272092016450803,0.555151744046062,TRUE,FALSE
1,161,-0.268398710512988,0.260936946861291,0.529335657374279,TRUE,FALSE
1,162,-0.274404138956011,0.261543140773392,0.535947279729403,TRUE,FALSE
1,163,-0.276430891107317,0.263400564935188,0.539831456042505,TRUE,FALSE
1,164,-0.273257115539846,0.265323599802663,0.538580715342509,TRUE,FALSE
1,165,-0.24823770714511,0.237663813858296,0.485901521003406,TRUE,FALSE
1,166,-0.286669084710949,0.27454941774287,0.56121850245382,TRUE,FALSE
1,167,-0.284175705597507,0.26879408914292,0.552969794740427,TRUE,FALSE
1,168,-0.274768630957287,0.260063191721299,0.534831822678586,TRUE,FALSE
1,169,-0.268435156067007,0.258096432693018,0.526531588760025,TRUE,FALSE
1,170,-0.233630054390296,0.219651760435331,0.453281814825627,TRUE,FALSE
1,171,-0.275695885061074,0.258280032845312,0.533975917906386,TRUE,FALSE
1,172,-0.251991448135482,0.258592820892325,0.510584269027807,TRUE,FALSE
1,173,-0.267423510746581,0.252198976645177,0.519622487391758,TRUE,FALSE
1,174,-0.271617458529199,0.262168849168446,0.533786307697645,TRUE,FALSE
1,175,-0.27363515686668,0.251600470274741,0.52523562714142,TRUE,FALSE
1,176,-0.276426585304602,0.261128408724733,0.537554994029335,TRUE,FALSE
1,177,-0.283328727456756,0.270390675830176,0.553719403286932,TRUE,FALSE
1,178,-0.261215729988833,0.255221058215476,0.516436788204308,TRUE,FALSE
1,179,-0.271201932147924,0.2615829692278,0.532784901375723,TRUE,FALSE
1,180,-0.272344581915394,0.253560974505744,0.525905556421138,TRUE,FALSE
1,181,-0.279339214720122,0.269901693106327,0.549240907826449,TRUE,FALSE
1,182,-0.28315519664011,0.261572806958738,0.544728003598848,TRUE,FALSE
1,183,-0.276200265102718,0.263597209160626,0.539797474263344,TRUE,FALSE
1,184,-0.264271551187757,0.272186728412377,0.536458279600134,TRUE,FALSE
1,185,-0.255971146291379,0.25976723088565,0.515738377177029,TRUE,FALSE
1,186,-0.267081150687067,0.259557062016906,0.526638212703972,TRUE,FALSE
1,187,-0.267682603880779,0.255296001836689,0.522978605717467,TRUE,FALSE
1,188,-0.271799511733188,0.258478323620353,0.530277835353541,TRUE,FALSE
1,189,-0.261827343500876,0.247916857542505,0.509744201043381,TRUE,FALSE
1,190,-0.270305191953599,0.257776528645979,0.528081720599578,TRUE,FALSE
1,191,-0.28367024353616,0.2763053275656,0.55997557110176,TRUE,FALSE
1,192,-0.272904582086657,0.252932121880124,0.525836703966781,TRUE,FALSE
1,193,-0.281031632286805,0.268545762291625,0.54957739457843,TRUE,FALSE
1,194,-0.282723618321544,0.272864762851451,0.555588381172996,TRUE,FALSE
1,195,-0.255503906434594,0.242748386860434,0.498252293295029,TRUE,FALSE
1,196,-0.271921835015083,0.261804124106135,0.533725959121218,TRUE,FALSE
1,197,-0.275490991936879,0.263832708552148,0.539323700489027,TRUE,FALSE
1,198,-0.283941987024549,0.268843208358227,0.552785195382776,TRUE,FALSE
1,199,-0.274744856744361,0.261278220015521,0.536023076759881,TRUE,FALSE
1,200,-0.265683533554035,0.257537593831266,0.523221127385302,TRUE,FALSE
1,201,-0.278596363687535,0.264871518151057,0.543467881838593,TRUE,FALSE
1,202,-0.261616664936448,0.264506901550643,0.52612356648709,TRUE,FALSE
1,203,-0.271088582290232,0.257715379995466,0.528803962285698,TRUE,FALSE
1,204,-0.280213219036247,0.268216809712654,0.548430028748902,TRUE,FALSE
1,205,-0.278514155990749,0.266152556388047,0.544666712378795,TRUE,FALSE
1,206,-0.273979411681485,0.239047262529726,0.51302667421121,TRUE,FALSE
1,207,-0.275493686484776,0.266291711426825,0.541785397911601,TRUE,FALSE
1,208,-0.278152289451466,0.267503450431114,0.545655739882581,TRUE,FALSE
1,209,-0.257314153328205,0.24998205312029,0.507296206448494,TRUE,FALSE
1,210,-0.273889899419132,0.245864027677088,0.51975392709622,TRUE,FALSE
1,211,-0.241135807700289,0.241281903386057,0.482417711086346,TRUE,FALSE
1,212,-0.256377945796034,0.244151439034634,0.500529384830668,TRUE,FALSE
1,213,-0.276142769714858,0.268444666955598,0.544587436670456,TRUE,FALSE
1,214,-0.279264420465226,0.26233545913571,0.541599879600937,TRUE,FALSE
1,215,-0.282975828632743,0.273213425744611,0.556189254377355,TRUE,FALSE
1,216,-0.253840639495821,0.240080743723212,0.493921383219033,TRUE,FALSE
1,217,-0.285210159854158,0.273374560300865,0.558584720155022,TRUE,FALSE
1,218,-0.276336804501579,0.261262845627083,0.537599650128662,TRUE,FALSE
1,219,-0.283659461081996,0.267515856424996,0.551175317506992,TRUE,FALSE
1,220,-0.263986502622817,0.246636579570713,0.51062308219353,TRUE,FALSE
1,221,-0.257704499283281,0.240747348512231,0.498451847795512,TRUE,FALSE
1,222,-0.282146534028505,0.27342111404313,0.555567648071635,TRUE,FALSE
1,223,-0.276146052353996,0.263956225297649,0.540102277651645,TRUE,FALSE
1,224,-0.254056859680019,0.257445074003333,0.511501933683352,TRUE,FALSE
1,225,-0.268047817322608,0.263605690257598,0.531653507580206,TRUE,FALSE
1,226,-0.276776679025076,0.265098875445006,0.541875554470081,TRUE,FALSE
1,227,-0.281168019385264,0.2689381062112,0.550106125596464,TRUE,FALSE
1,228,-0.282555493744923,0.273060157863005,0.555615651607927,TRUE,FALSE
1,229,-0.26540657031746,0.24492980106048,0.51033637137794,TRUE,FALSE
1,230,-0.278988932864399,0.273323072100746,0.552312004965145,TRUE,FALSE
1,231,-0.266696405384879,0.259125260545095,0.525821665929974,TRUE,FALSE
1,232,-0.267982987309021,0.261642767128836,0.529625754437857,TRUE,FALSE
1,233,-0.275330749327175,0.267197858628078,0.542528607955253,TRUE,FALSE
1,234,-0.265637624057998,0.250058796475171,0.515696420533169,TRUE,FALSE
1,235,-0.282804907493669,0.272589072149536,0.555393979643206,TRUE,FALSE
1,236,-0.273240567189205,0.260045665525658,0.533286232714863,TRUE,FALSE
1,237,-0.274045575232164,0.267372933350152,0.541418508582316,TRUE,FALSE
1,238,-0.259440438637747,0.248855624311464,0.508296062949212,TRUE,FALSE
1,239,-0.284534366797934,0.271467227304477,0.556001594102411,TRUE,FALSE
1,240,-0.279447137802666,0.263622371727026,0.543069509529692,TRUE,FALSE
1,241,-0.281618846452218,0.273410156165107,0.555029002617325,TRUE,FALSE
1,242,-0.265903747516974,0.248691738231045,0.514595485748019,TRUE,FALSE
1,243,-0.276778524810207,0.265791465413444,0.542569990223651,TRUE,FALSE
1,244,-0.264322797571342,0.236582215412952,0.500905012984294,TRUE,FALSE
1,245,-0.27845751399772,0.267023707086307,0.545481221084027,TRUE,FALSE
1,246,-0.278717763376264,0.26615318902079,0.544870952397054,TRUE,FALSE
1,247,-0.286750212423221,0.27175195905702,0.558502171480241,TRUE,FALSE
1,248,-0.265643029007592,0.250478561481496,0.516121590489089,TRUE,FALSE
1,249,-0.282606766042106,0.270148102697308,0.552754868739414,TRUE,FALSE
1,250,-0.263970094335826,0.259007421345025,0.52297751568085,TRUE,FALSE
1,251,-0.259285986455163,0.241382952455316,0.500668938910479,TRUE,FALSE
1,252,-0.278118949494903,0.247209674712376,0.525328624207279,TRUE,FALSE
1,253,-0.269783961647586,0.257416234898296,0.527200196545882,TRUE,FALSE
1,254,-0.278540993166517,0.264395588250501,0.542936581417018,TRUE,FALSE
1,255,-0.265954288446472,0.253632592769946,0.519586881216418,TRUE,FALSE
1,256,-0.277981906813252,0.267881742072844,0.545863648886096,TRUE,FALSE
1,257,-0.267003267525692,0.255670804293624,0.522674071819315,TRUE,FALSE
1,258,-0.2783191928875,0.265233796970471,0.543552989857972,TRUE,FALSE
1,259,-0.277344415825582,0.264355164202914,0.541699580028497,TRUE,FALSE
1,260,-0.2808017846336,0.26536217895178,0.546163963585379,TRUE,FALSE
1,261,-0.27734293007081,0.269916785606298,0.547259715677108,TRUE,FALSE
1,262,-0.275055579422183,0.256086166071221,0.531141745493404,TRUE,FALSE
1,263,-0.272813327768638,0.263337213521664,0.536150541290302,TRUE,FALSE
1,264,-0.272136689951658,0.259733161067116,0.531869851018775,TRUE,FALSE
1,265,-0.257775406569397,0.243064071412217,0.500839477981614,TRUE,FALSE
1,266,-0.26963609948101,0.262301132198222,0.531937231679232,TRUE,FALSE
1,267,-0.266643806410527,0.259632024961848,0.526275831372374,TRUE,FALSE
1,268,-0.270768745249466,0.253856570747528,0.524625315996994,TRUE,FALSE
1,269,-0.268686525962241,0.251628823411571,0.520315349373812,TRUE,FALSE
1,270,-0.277275101420098,0.25312766867244,0.530402770092538,TRUE,FALSE
1,271,-0.279695733585784,0.274561565037562,0.554257298623346,TRUE,FALSE
1,272,-0.271704258041501,0.258282136328428,0.529986394369929,TRUE,FALSE
1,273,-0.259856070276691,0.262923543929524,0.522779614206215,TRUE,FALSE
1,274,-0.273471753787454,0.265350247608238,0.538822001395693,TRUE,FALSE
1,275,-0.27288933695008,0.259402915895153,0.532292252845233,TRUE,FALSE
1,276,-0.278503218398135,0.267947939580123,0.546451157978258,TRUE,FALSE
1,277,-0.283688675207481,0.271133977724826,0.554822652932307,TRUE,FALSE
1,278,-0.278242055779626,0.267133153454084,0.545375209233709,TRUE,FALSE
1,279,-0.288971674888071,0.271330659845595,0.560302334733666,TRUE,FALSE
1,280,-0.274653047027594,0.263507840524648,0.538160887552242,TRUE,FALSE
1,281,-0.243931146636582,0.226477800137721,0.470408946774304,TRUE,FALSE
1,282,-0.278699002725546,0.254538230628637,0.533237233354182,TRUE,FALSE
1,283,-0.264101740448298,0.253372809689505,0.517474550137804,TRUE,FALSE
1,284,-0.260754503675391,0.267823859416063,0.528578363091454,TRUE,FALSE
1,285,-0.28033646666541,0.272974296151488,0.553310762816898,TRUE,FALSE
1,286,-0.274356803508723,0.268145504354412,0.542502307863135,TRUE,FALSE
1,287,-0.267966813826523,0.253541787949846,0.521508601776369,TRUE,FALSE
1,288,-0.276413175090558,0.265941575438996,0.542354750529555,TRUE,FALSE
1,289,-0.288679073726032,0.277845706322783,0.566524780048815,TRUE,FALSE
1,290,-0.267649277804691,0.25590730818933,0.523556585994021,TRUE,FALSE
1,291,-0.274836095097438,0.261817213104489,0.536653308201927,TRUE,FALSE
1,292,-0.277996211536827,0.263570559306026,0.541566770842853,TRUE,FALSE
1,293,-0.276571697553971,0.264633212254801,0.541204909808772,TRUE,FALSE
1,294,-0.253364152148622,0.241406887643296,0.494771039791917,TRUE,FALSE
1,295,-0.265107066900951,0.256293859076515,0.521400925977466,TRUE,FALSE
1,296,-0.279834829626812,0.262114795654098,0.54194962528091,TRUE,FALSE
1,297,-0.257639029043007,0.250277055782127,0.507916084825135,TRUE,FALSE
1,298,-0.270689883715855,0.251950537311534,0.522640421027389,TRUE,FALSE
1,299,-0.279017365343348,0.262001966307562,0.541019331650909,TRUE,FALSE
1,300,-0.256319447198937,0.245236478991476,0.501555926190413,TRUE,FALSE
1,301,-0.285400052611468,0.275028491972652,0.560428544584121,TRUE,FALSE
1,302,-0.266325418964604,0.255233956202888,0.521559375167492,TRUE,FALSE
1,303,-0.267894916905054,0.255354225889697,0.523249142794751,TRUE,FALSE
1,304,-0.266075474227862,0.264130171719142,0.530205645947004,TRUE,FALSE
1,305,-0.278428966163701,0.266316731912632,0.544745698076334,TRUE,FALSE
1,306,-0.277877892956282,0.271668636716191,0.549546529672473,TRUE,FALSE
1,307,-0.282230180197572,0.274006746769852,0.556236926967424,TRUE,FALSE
1,308,-0.273553389564641,0.261549728974123,0.535103118538763,TRUE,FALSE
1,309,-0.280909345129223,0.264216531493066,0.545125876622289,TRUE,FALSE
1,310,-0.260316959740331,0.248426464089415,0.508743423829745,TRUE,FALSE
1,311,-0.281158047009216,0.246990352911566,0.528148399920782,TRUE,FALSE
1,312,-0.237866974634784,0.226871786779053,0.464738761413838,TRUE,FALSE
1,313,-0.276734936623764,0.264300746267771,0.541035682891535,TRUE,FALSE
1,314,-0.275618276092876,0.265925347075246,0.541543623168121,TRUE,FALSE
1,315,-0.274703270959688,0.265278514850338,0.539981785810025,TRUE,FALSE
1,316,-0.268513491067447,0.236699898505316,0.505213389572763,TRUE,FALSE
1,317,-0.27851218955442,0.261624993200008,0.540137182754428,TRUE,FALSE
1,318,-0.274005774020937,0.263508019954401,0.537513793975338,TRUE,FALSE
1,319,-0.269255630340942,0.25836860636418,0.527624236705122,TRUE,FALSE
1,320,-0.277785214729939,0.249701025420728,0.527486240150667,TRUE,FALSE
1,321,-0.267689813766157,0.254745084003512,0.522434897769668,TRUE,FALSE
1,322,-0.26816972689608,0.260798740272819,0.528968467168899,TRUE,FALSE
1,323,-0.272699905215073,0.257814566176888,0.53051447139196,TRUE,FALSE
1,324,-0.284562442735519,0.268266095174215,0.552828537909734,TRUE,FALSE
1,325,-0.265924532074914,0.260299458581488,0.526223990656403,TRUE,FALSE
1,326,-0.269903945486896,0.261013129691938,0.530917075178835,TRUE,FALSE
1,327,-0.289291915077749,0.279048682011654,0.568340597089403,TRUE,FALSE
1,328,-0.268986667614965,0.261320511292975,0.53030717890794,TRUE,FALSE
1,329,-0.281384319548299,0.273323429276491,0.55470774882479,TRUE,FALSE
1,330,-0.27451207564715,0.263195328733342,0.537707404380492,TRUE,FALSE
1,331,-0.28521549500966,0.276101936461348,0.561317431471008,TRUE,FALSE
1,332,-0.272546453435505,0.264316621354514,0.536863074790019,TRUE,FALSE
1,333,-0.271006225426656,0.27055799876904,0.541564224195696,TRUE,FALSE
1,334,-0.274807914139004,0.264144516036159,0.538952430175163,TRUE,FALSE
1,335,-0.272629409219492,0.26123888590005,0.533868295119543,TRUE,FALSE
1,336,-0.270002943417663,0.254472167934658,0.52447511135232,TRUE,FALSE
1,337,-0.274606751049446,0.263582021893355,0.538188772942801,TRUE,FALSE
1,338,-0.271531885079862,0.273023006038372,0.544554891118234,TRUE,FALSE
1,339,-0.270970869938682,0.253473058062023,0.524443928000705,TRUE,FALSE
1,340,-0.270412881014359,0.259160772496018,0.529573653510377,TRUE,FALSE
1,341,-0.286393526086004,0.274325655602274,0.560719181688278,TRUE,FALSE
1,342,-0.266716066850634,0.251444403525739,0.518160470376373,TRUE,FALSE
1,343,-0.256574447216588,0.25129573503834,0.507870182254928,TRUE,FALSE
1,344,-0.273082614348023,0.261415530286564,0.534498144634587,TRUE,FALSE
1,345,-0.279175351088144,0.269337770561389,0.548513121649533,TRUE,FALSE
1,346,-0.271155757233937,0.263139911674727,0.534295668908664,TRUE,FALSE
1,347,-0.263854996835327,0.257108648229071,0.520963645064398,TRUE,FALSE
1,348,-0.270413983422699,0.258778823806579,0.529192807229278,TRUE,FALSE
1,349,-0.26716377774521,0.254168177044991,0.521331954790201,TRUE,FALSE
1,350,-0.261170186955589,0.257729001887705,0.518899188843294,TRUE,FALSE
1,351,-0.278661164059415,0.268932574582873,0.547593738642288,TRUE,FALSE
1,352,-0.26791859421469,0.24713326534614,0.51505185956083,TRUE,FALSE
1,353,-0.272080617114499,0.262830592580649,0.534911209695148,TRUE,FALSE
1,354,-0.284003837037224,0.269391336291664,0.553395173328888,TRUE,FALSE
1,355,-0.270328675367919,0.256979817953812,0.527308493321731,TRUE,FALSE
1,356,-0.268938306379882,0.261097554409126,0.530035860789008,TRUE,FALSE
1,357,-0.270460636188834,0.254084147527002,0.524544783715836,TRUE,FALSE
1,358,-0.280527583000569,0.266233801953539,0.546761384954108,TRUE,FALSE
1,359,-0.284036445798799,0.251778202616161,0.53581464841496,TRUE,FALSE
1,360,-0.281012750690588,0.26518339402779,0.546196144718378,TRUE,FALSE
1,361,-0.277399032429483,0.253577612106005,0.530976644535488,TRUE,FALSE
1,362,-0.284252911725198,0.273406294462833,0.557659206188031,TRUE,FALSE
1,363,-0.270919567735608,0.258135089431719,0.529054657167327,TRUE,FALSE
1,364,-0.267397217191235,0.25863866764961,0.526035884840845,TRUE,FALSE
1,365,-0.269335239973179,0.254212502593317,0.523547742566497,TRUE,FALSE
1,366,-0.250071802140078,0.250944004972879,0.501015807112957,TRUE,FALSE
1,367,-0.26301478213746,0.250522357980866,0.513537140118326,TRUE,FALSE
1,368,-0.272471022416454,0.256987471929943,0.529458494346397,TRUE,FALSE
1,369,-0.281049621924687,0.269994157222053,0.55104377914674,TRUE,FALSE
1,370,-0.281985582202868,0.256539615084035,0.538525197286903,TRUE,FALSE
1,371,-0.267058033931668,0.232998939115171,0.500056973046838,TRUE,FALSE
1,372,-0.264562587979387,0.257335175648311,0.521897763627698,TRUE,FALSE
1,373,-0.269536931937885,0.257995696608476,0.527532628546361,TRUE,FALSE
1,374,-0.276918125737434,0.269559006839972,0.546477132577406,TRUE,FALSE
1,375,-0.267071979828867,0.258058949147214,0.525130928976081,TRUE,FALSE
1,376,-0.272852279311709,0.26524088274764,0.53809316205935,TRUE,FALSE
1,377,-0.27493502590135,0.252404073601757,0.527339099503107,TRUE,FALSE
1,378,-0.279453615287983,0.260566783572963,0.540020398860946,TRUE,FALSE
1,379,-0.272549067822951,0.265083993978069,0.537633061801019,TRUE,FALSE
1,380,-0.250629160760232,0.260299484299347,0.51092864505958,TRUE,FALSE
1,381,-0.272763490139729,0.258600445719751,0.531363935859481,TRUE,FALSE
1,382,-0.278192370832761,0.267832638903009,0.54602500973577,TRUE,FALSE
1,383,-0.269907938765547,0.256945524059878,0.526853462825425,TRUE,FALSE
1,384,-0.28080078250599,0.254960384151724,0.535761166657713,TRUE,FALSE
1,385,-0.275807045712571,0.26045957913099,0.536266624843561,TRUE,FALSE
1,386,-0.264858108725901,0.254163083168306,0.519021191894207,TRUE,FALSE
1,387,-0.263004874227375,0.255857766089523,0.518862640316898,TRUE,FALSE
1,388,-0.270378507801647,0.254604393710696,0.524982901512343,TRUE,FALSE
1,389,-0.256120648714837,0.246738021755458,0.502858670470295,TRUE,FALSE
1,390,-0.260598754280857,0.257143449311565,0.517742203592423,TRUE,FALSE
1,391,-0.259620625098891,0.24530887612187,0.504929501220761,TRUE,FALSE
1,392,-0.257037424123653,0.251697217914432,0.508734642038086,TRUE,FALSE
1,393,-0.26877536968724,0.257059552961343,0.525834922648583,TRUE,FALSE
1,394,-0.282993784684692,0.275881607974615,0.558875392659307,TRUE,FALSE
1,395,-0.268114864340775,0.237478500801344,0.50559336514212,TRUE,FALSE
1,396,-0.282489547341033,0.277521689355338,0.560011236696371,TRUE,FALSE
1,397,-0.27588664438986,0.261171333251956,0.537057977641816,TRUE,FALSE
1,398,-0.275800600004146,0.242752812433444,0.518553412437591,TRUE,FALSE
1,399,-0.272796633068535,0.263251365414654,0.53604799848319,TRUE,FALSE
1,400,-0.273892100179027,0.25630603114249,0.530198131321517,TRUE,FALSE
1,401,-0.26702920083161,0.252927808160379,0.519957008991989,TRUE,FALSE
1,402,-0.275233785098376,0.259796445675821,0.535030230774197,TRUE,FALSE
1,403,-0.26886245222665,0.25791518042927,0.52677763265592,TRUE,FALSE
1,404,-0.269406989148013,0.256990647221811,0.526397636369824,TRUE,FALSE
1,405,-0.278375346897846,0.26534029499432,0.543715641892166,TRUE,FALSE
1,406,-0.266448310219768,0.252271468740031,0.518719778959799,TRUE,FALSE
1,407,-0.260829456939931,0.246295486040265,0.507124942980196,TRUE,FALSE
1,408,-0.277511116590614,0.268836007642853,0.546347124233467,TRUE,FALSE
1,409,-0.275827732556457,0.259742832424098,0.535570564980555,TRUE,FALSE
1,410,-0.276277692586549,0.263383670972878,0.539661363559427,TRUE,FALSE
1,411,-0.27459113265798,0.261022324404039,0.535613457062019,TRUE,FALSE
1,412,-0.27586266595067,0.250526515451825,0.526389181402495,TRUE,FALSE
1,413,-0.275538979899311,0.263055421261585,0.538594401160896,TRUE,FALSE
1,414,-0.281580327618999,0.270063500215818,0.551643827834817,TRUE,FALSE
1,415,-0.280189217258029,0.264138302966108,0.544327520224137,TRUE,FALSE
1,416,-0.271450655167401,0.261641237910272,0.533091893077672,TRUE,FALSE
1,417,-0.285028568276098,0.271905335255736,0.556933903531834,TRUE,FALSE
1,418,-0.283108137935445,0.272559779398534,0.555667917333979,TRUE,FALSE
1,419,-0.272955003507077,0.259616032350431,0.532571035857508,TRUE,FALSE
1,420,-0.26851398452948,0.262903237466215,0.531417221995695,TRUE,FALSE
1,421,-0.256832322051936,0.240098942416536,0.496931264468472,TRUE,FALSE
1,422,-0.277224078423156,0.265848203309969,0.543072281733125,TRUE,FALSE
1,423,-0.27871660588654,0.266224777180882,0.544941383067422,TRUE,FALSE
1,424,-0.280906939839943,0.265324060165831,0.546231000005774,TRUE,FALSE
1,425,-0.273487254478598,0.255169092567436,0.528656347046034,TRUE,FALSE
1,426,-0.280285684903279,0.264399990005721,0.544685674909,TRUE,FALSE
1,427,-0.278140598376106,0.26082379999405,0.538964398370156,TRUE,FALSE
1,428,-0.277815534493818,0.263471369992956,0.541286904486773,TRUE,FALSE
1,429,-0.283264959509089,0.270178610016589,0.553443569525678,TRUE,FALSE
1,430,-0.261184318988148,0.245835032225534,0.507019351213683,TRUE,FALSE
1,431,-0.274928436037942,0.262383650123211,0.537312086161153,TRUE,FALSE
1,432,-0.277400831176245,0.26334066289114,0.540741494067384,TRUE,FALSE
1,433,-0.273960106229068,0.260122328184919,0.534082434413987,TRUE,FALSE
1,434,-0.269299133523231,0.255638516345831,0.524937649869062,TRUE,FALSE
1,435,-0.265924349925705,0.259499850272652,0.525424200198357,TRUE,FALSE
1,436,-0.27194253156157,0.266706136408835,0.538648667970405,TRUE,FALSE
1,437,-0.257780012513413,0.265237525781627,0.52301753829504,TRUE,FALSE
1,438,-0.272761767705751,0.262914261998198,0.535676029703949,TRUE,FALSE
1,439,-0.267116791488606,0.258715814406197,0.525832605894803,TRUE,FALSE
1,440,-0.27419319665263,0.254796511017355,0.528989707669985,TRUE,FALSE
1,441,-0.277657073279352,0.26478035552714,0.542437428806492,TRUE,FALSE
1,442,-0.261775905860697,0.253834160169281,0.515610066029979,TRUE,FALSE
1,443,-0.272027304805692,0.256174307791737,0.528201612597429,TRUE,FALSE
1,444,-0.287767377602456,0.276448345321021,0.564215722923477,TRUE,FALSE
1,445,-0.265370737092584,0.254564569642806,0.51993530673539,TRUE,FALSE
1,446,-0.278553318325305,0.269525363548253,0.548078681873558,TRUE,FALSE
1,447,-0.285420644616001,0.270050087936026,0.555470732552027,TRUE,FALSE
1,448,-0.271689284595032,0.259213946257886,0.530903230852918,TRUE,FALSE
1,449,-0.262959529848573,0.254649565002149,0.517609094850722,TRUE,FALSE
1,450,-0.274134146336378,0.247081607526728,0.521215753863105,TRUE,FALSE
1,451,-0.266808688983479,0.265899782075107,0.532708471058586,TRUE,FALSE
1,452,-0.26124761781958,0.227134718550612,0.488382336370192,TRUE,FALSE
1,453,-0.267722133462797,0.250620061718106,0.518342195180903,TRUE,FALSE
1,454,-0.278091393641659,0.269575795780934,0.547667189422593,TRUE,FALSE
1,455,-0.269747208049792,0.257122339048887,0.526869547098679,TRUE,FALSE
1,456,-0.248184893806648,0.254913987195249,0.503098881001897,TRUE,FALSE
1,457,-0.256641056361666,0.244093156404899,0.500734212766565,TRUE,FALSE
1,458,-0.275471403660339,0.26228542778891,0.537756831449249,TRUE,FALSE
1,459,-0.265736773061627,0.264430898354091,0.530167671415718,TRUE,FALSE
1,460,-0.272387004379385,0.265118277839827,0.537505282219212,TRUE,FALSE
1,461,-0.258261063919245,0.250840299710933,0.509101363630178,TRUE,FALSE
1,462,-0.274752069854983,0.258736345758132,0.533488415613115,TRUE,FALSE
1,463,-0.263251224104908,0.263028440652767,0.526279664757675,TRUE,FALSE
1,464,-0.276687973047443,0.262067537826193,0.538755510873636,TRUE,FALSE
1,465,-0.257017298896998,0.26005351789776,0.517070816794758,TRUE,FALSE
1,466,-0.278454635576745,0.266723677698084,0.545178313274829,TRUE,FALSE
1,467,-0.285539527408288,0.269237061757712,0.554776589166001,TRUE,FALSE
1,468,-0.265768412775417,0.252074143997026,0.517842556772443,TRUE,FALSE
1,469,-0.280702315978849,0.274837237022108,0.555539553000957,TRUE,FALSE
1,470,-0.275630143939997,0.263467250807891,0.539097394747888,TRUE,FALSE
1,471,-0.274452773168802,0.261445862622291,0.535898635791094,TRUE,FALSE
1,472,-0.261056950173288,0.256588521554393,0.517645471727681,TRUE,FALSE
1,473,-0.28012316445657,0.266270029547434,0.546393194004004,TRUE,FALSE
1,474,-0.265089737698253,0.251585589087485,0.516675326785738,TRUE,FALSE
1,475,-0.27168505312468,0.258203955556699,0.529889008681379,TRUE,FALSE
1,476,-0.265734517685947,0.259002402391971,0.524736920077918,TRUE,FALSE
1,477,-0.281045492506669,0.275619973919393,0.556665466426061,TRUE,FALSE
1,478,-0.265910533294081,0.247145674793189,0.51305620808727,TRUE,FALSE
1,479,-0.260238910853946,0.252315756152594,0.512554667006539,TRUE,FALSE
1,480,-0.278261011598459,0.261871542761003,0.540132554359463,TRUE,FALSE
1,481,-0.285271802405624,0.272021648567435,0.557293450973059,TRUE,FALSE
1,482,-0.273935864773763,0.26317816735259,0.537114032126353,TRUE,FALSE
1,483,-0.262321336656141,0.251951433091494,0.514272769747636,TRUE,FALSE
1,484,-0.273648656434395,0.263537001432995,0.53718565786739,TRUE,FALSE
1,485,-0.27157030388924,0.260377459963414,0.531947763852654,TRUE,FALSE
1,486,-0.282000248939073,0.268350418179645,0.550350667118718,TRUE,FALSE
1,487,-0.246445346668193,0.252667904674213,0.499113251342406,TRUE,FALSE
1,488,-0.270370034576753,0.256834152879824,0.527204187456577,TRUE,FALSE
1,489,-0.266984250039141,0.25119944827843,0.518183698317571,TRUE,FALSE
1,490,-0.273142638305303,0.247195580357965,0.520338218663268,TRUE,FALSE
1,491,-0.274889436752062,0.252653793034246,0.527543229786308,TRUE,FALSE
1,492,-0.277270757810692,0.26633502764244,0.543605785453132,TRUE,FALSE
1,493,-0.272172618499979,0.24345151980319,0.515624138303168,TRUE,FALSE
1,494,-0.270104497668293,0.259995917075226,0.530100414743519,TRUE,FALSE
1,495,-0.272654181017588,0.261180991005903,0.533835172023491,TRUE,FALSE
1,496,-0.281858834823947,0.268109131228549,0.549967966052496,TRUE,FALSE
1,497,-0.274042925731924,0.260527691803289,0.534570617535213,TRUE,FALSE
1,498,-0.269302831316566,0.252288012688064,0.52159084400463,TRUE,FALSE
1,499,-0.266478546990219,0.261612083432147,0.528090630422366,TRUE,FALSE
1,500,-0.264634426465183,0.248095567288571,0.512729993753755,TRUE,FALSE
1,501,-0.266237226415209,0.251776265943504,0.518013492358714,TRUE,FALSE
1,502,-0.279203712495026,0.242714008864077,0.521917721359103,TRUE,FALSE
1,503,-0.283233801293854,0.268955921410319,0.552189722704173,TRUE,FALSE
1,504,-0.272777200321156,0.263099277641534,0.535876477962689,TRUE,FALSE
1,505,-0.285593972994159,0.271537764557322,0.557131737551481,TRUE,FALSE
1,506,-0.287861349758343,0.276447209324448,0.564308559082791,TRUE,FALSE
1,507,-0.275221682355825,0.247873948435106,0.52309563079093,TRUE,FALSE
1,508,-0.271480945111162,0.251710888956866,0.523191834068028,TRUE,FALSE
1,509,-0.262028916013301,0.252275606907144,0.514304522920445,TRUE,FALSE
1,510,-0.260224676111343,0.253150646578503,0.513375322689846,TRUE,FALSE
1,511,-0.275269248780628,0.26421422175428,0.539483470534908,TRUE,FALSE
1,512,-0.271526906017176,0.253656043083598,0.525182949100774,TRUE,FALSE
1,513,-0.270768716266461,0.260755707834948,0.53152442410141,TRUE,FALSE
1,514,-0.28036178918339,0.268851894625789,0.549213683809179,TRUE,FALSE
1,515,-0.264724354413306,0.243839672730433,0.508564027143739,TRUE,FALSE
1,516,-0.286325029325764,0.264402623769591,0.550727653095355,TRUE,FALSE
1,517,-0.282623159763233,0.270832722898265,0.553455882661498,TRUE,FALSE
1,518,-0.276197316854906,0.260023006493999,0.536220323348905,TRUE,FALSE
1,519,-0.277004554332943,0.268542553195414,0.545547107528357,TRUE,FALSE
1,520,-0.279353638763707,0.260814307401878,0.540167946165585,TRUE,FALSE
1,521,-0.283319298318276,0.275988290465174,0.559307588783449,TRUE,FALSE
1,522,-0.281958839112556,0.274107482290351,0.556066321402907,TRUE,FALSE
1,523,-0.271017552799343,0.26404328206504,0.535060834864383,TRUE,FALSE
1,524,-0.269003765184445,0.257047438574258,0.526051203758703,TRUE,FALSE
1,525,-0.266454205677613,0.25192194112566,0.518376146803273,TRUE,FALSE
1,526,-0.290029491368893,0.277546632379913,0.567576123748806,TRUE,FALSE
1,527,-0.267995157738684,0.259752535383449,0.527747693122132,TRUE,FALSE
1,528,-0.282377684723561,0.271472340265652,0.553850024989214,TRUE,FALSE
1,529,-0.279050895067262,0.255512883517763,0.534563778585025,TRUE,FALSE
1,530,-0.277475058384516,0.2640240242624,0.541499082646915,TRUE,FALSE
1,531,-0.269498647960139,0.24954799305617,0.51904664101631,TRUE,FALSE
1,532,-0.251433921571201,0.257769013964858,0.509202935536059,TRUE,FALSE
1,533,-0.273568347358812,0.261412677369643,0.534981024728455,TRUE,FALSE
1,534,-0.278140280559381,0.268976842222428,0.547117122781809,TRUE,FALSE
1,535,-0.259235252962327,0.249107281239648,0.508342534201974,TRUE,FALSE
1,536,-0.27873023876472,0.261992039759869,0.540722278524589,TRUE,FALSE
1,537,-0.286875147145895,0.277267964796644,0.564143111942539,TRUE,FALSE
1,538,-0.258503279781557,0.25364900690295,0.512152286684507,TRUE,FALSE
1,539,-0.27385503178068,0.256567512916167,0.530422544696847,TRUE,FALSE
1,540,-0.273854933882036,0.262005956667118,0.535860890549153,TRUE,FALSE
1,541,-0.27750363459194,0.267457554736898,0.544961189328838,TRUE,FALSE
1,542,-0.261736858850055,0.247122583692601,0.508859442542656,TRUE,FALSE
1,543,-0.273802386079449,0.253094538117383,0.526896924196832,TRUE,FALSE
1,544,-0.262302038520786,0.248346748474924,0.51064878699571,TRUE,FALSE
1,545,-0.264600876911001,0.264392519681532,0.528993396592534,TRUE,FALSE
1,546,-0.270883825811818,0.258523265004977,0.529407090816796,TRUE,FALSE
1,547,-0.277768553504788,0.244482664107201,0.522251217611989,TRUE,FALSE
1,548,-0.278891039622046,0.264334185366677,0.543225224988723,TRUE,FALSE
1,549,-0.279160092208351,0.268116979963839,0.54727707217219,TRUE,FALSE
1,550,-0.281738240246199,0.267932530225946,0.549670770472145,TRUE,FALSE
1,551,-0.269857488285421,0.259086654665656,0.528944142951077,TRUE,FALSE
1,552,-0.268953264395721,0.259084840145865,0.528038104541585,TRUE,FALSE
1,553,-0.265532199140215,0.241274613583092,0.506806812723306,TRUE,FALSE
1,554,-0.278522124266957,0.266931381318804,0.545453505585761,TRUE,FALSE
1,555,-0.274605431417419,0.261543070210228,0.536148501627647,TRUE,FALSE
1,556,-0.251784254159423,0.231523081324649,0.483307335484072,TRUE,FALSE
1,557,-0.27712241376108,0.263499884368208,0.540622298129288,TRUE,FALSE
1,558,-0.271692303673781,0.257134924193794,0.528827227867575,TRUE,FALSE
1,559,-0.275838937306129,0.265694340749329,0.541533278055458,TRUE,FALSE
1,560,-0.267989457589113,0.254376106994077,0.522365564583191,TRUE,FALSE
1,561,-0.28914643304091,0.270525365126372,0.559671798167282,TRUE,FALSE
1,562,-0.28188279893258,0.26583551779736,0.54771831672994,TRUE,FALSE
1,563,-0.272616282909668,0.258163179758166,0.530779462667834,TRUE,FALSE
1,564,-0.274479955171427,0.262149210325333,0.536629165496761,TRUE,FALSE
1,565,-0.268727089928165,0.25877301865924,0.527500108587405,TRUE,FALSE
1,566,-0.282919593682753,0.264738594377863,0.547658188060616,TRUE,FALSE
1,567,-0.282354844979964,0.270121449907262,0.552476294887226,TRUE,FALSE
1,568,-0.269129790465058,0.250473372420423,0.519603162885482,TRUE,FALSE
1,569,-0.267118431734948,0.251724854805319,0.518843286540267,TRUE,FALSE
1,570,-0.274667468592136,0.267552928587213,0.542220397179348,TRUE,FALSE
1,571,-0.277780584227837,0.268301867470719,0.546082451698556,TRUE,FALSE
1,572,-0.277594637424789,0.267152439141011,0.5447470765658,TRUE,FALSE
1,573,-0.28277697603807,0.265372089177185,0.548149065215255,TRUE,FALSE
1,574,-0.269985323180976,0.257257213034249,0.527242536215226,TRUE,FALSE
1,575,-0.282998301313371,0.268515504843045,0.551513806156416,TRUE,FALSE
1,576,-0.273534919069373,0.264096860541624,0.537631779610997,TRUE,FALSE
1,577,-0.28008259696302,0.269395482455027,0.549478079418047,TRUE,FALSE
1,578,-0.276599716117991,0.260947715769984,0.537547431887975,TRUE,FALSE
1,579,-0.277550576255125,0.265556231723736,0.543106807978862,TRUE,FALSE
1,580,-0.276276508194514,0.266974044173687,0.543250552368202,TRUE,FALSE
1,581,-0.279088926191842,0.268223993320007,0.547312919511848,TRUE,FALSE
1,582,-0.272275596040571,0.256478876631732,0.528754472672303,TRUE,FALSE
1,583,-0.271751330704204,0.262321791443484,0.534073122147688,TRUE,FALSE
1,584,-0.269015398798848,0.25271800469961,0.521733403498458,TRUE,FALSE
1,585,-0.263189100708625,0.247932728043964,0.511121828752588,TRUE,FALSE
1,586,-0.284146395362232,0.259305208061709,0.543451603423941,TRUE,FALSE
1,587,-0.26806377877695,0.251595050745604,0.519658829522554,TRUE,FALSE
1,588,-0.280304953841799,0.268340514696092,0.548645468537891,TRUE,FALSE
1,589,-0.268815049954393,0.256398003834771,0.525213053789164,TRUE,FALSE
1,590,-0.25990576147008,0.242527803260423,0.502433564730503,TRUE,FALSE
1,591,-0.271565612429908,0.262155928475953,0.533721540905861,TRUE,FALSE
1,592,-0.284334104560941,0.259700235306543,0.544034339867484,TRUE,FALSE
1,593,-0.265889206279747,0.25599470595617,0.521883912235917,TRUE,FALSE
1,594,-0.276745658621212,0.261965786992365,0.538711445613577,TRUE,FALSE
1,595,-0.280951434790193,0.268375159244447,0.549326594034639,TRUE,FALSE
1,596,-0.26830558076379,0.257539232704167,0.525844813467957,TRUE,FALSE
1,597,-0.286676119230884,0.279309083898384,0.565985203129268,TRUE,FALSE
1,598,-0.277123974742442,0.251875085002429,0.528999059744871,TRUE,FALSE
1,599,-0.269731652906064,0.248934133575848,0.518665786481912,TRUE,FALSE
1,600,-0.262276962445266,0.249893125534068,0.512170087979334,TRUE,FALSE
1,601,-0.262600743009655,0.249411994564412,0.512012737574068,TRUE,FALSE
1,602,-0.278565878112602,0.270106087015897,0.548671965128498,TRUE,FALSE
1,603,-0.265784607310354,0.251499274186302,0.517283881496656,TRUE,FALSE
1,604,-0.257407309930434,0.249114710652605,0.506522020583039,TRUE,FALSE
1,605,-0.278963116144279,0.255728684147412,0.534691800291691,TRUE,FALSE
1,606,-0.279652585276961,0.266188830647864,0.545841415924825,TRUE,FALSE
1,607,-0.271447917180583,0.264730240247215,0.536178157427799,TRUE,FALSE
1,608,-0.271399142540769,0.256225468696295,0.527624611237063,TRUE,FALSE
1,609,-0.268519847845456,0.261163061605332,0.529682909450788,TRUE,FALSE
1,610,-0.252922567748351,0.259174773834822,0.512097341583173,TRUE,FALSE
1,611,-0.27784597811267,0.268687549590289,0.546533527702959,TRUE,FALSE
1,612,-0.264377295151631,0.255644729238855,0.520022024390487,TRUE,FALSE
1,613,-0.279082074039235,0.258166011848583,0.537248085887818,TRUE,FALSE
1,614,-0.279116854459451,0.271141255375862,0.550258109835313,TRUE,FALSE
1,615,-0.279026642732338,0.247353208939607,0.526379851671945,TRUE,FALSE
1,616,-0.26843157323811,0.249482591950882,0.517914165188992,TRUE,FALSE
1,617,-0.266969532460938,0.259836276121518,0.526805808582456,TRUE,FALSE
1,618,-0.275442815343119,0.271374741817064,0.546817557160183,TRUE,FALSE
1,619,-0.271520608112637,0.262408882313248,0.533929490425885,TRUE,FALSE
1,620,-0.27671869493658,0.26442394014286,0.54114263507944,TRUE,FALSE
1,621,-0.269533176169519,0.261621778709039,0.531154954878558,TRUE,FALSE
1,622,-0.234260401305894,0.241466700050544,0.475727101356438,TRUE,FALSE
1,623,-0.26434429079018,0.248090520565149,0.512434811355329,TRUE,FALSE
1,624,-0.267450460398197,0.263303737941061,0.530754198339258,TRUE,FALSE
1,625,-0.276620953352532,0.263089165466639,0.539710118819172,TRUE,FALSE
1,626,-0.277123832787082,0.26766653698555,0.544790369772632,TRUE,FALSE
1,627,-0.266603581131211,0.258581747832509,0.52518532896372,TRUE,FALSE
1,628,-0.283492713247898,0.273509879333676,0.557002592581574,TRUE,FALSE
1,629,-0.273633131582562,0.264285602400885,0.537918733983447,TRUE,FALSE
1,630,-0.26103383305748,0.255584423163864,0.516618256221344,TRUE,FALSE
1,631,-0.27228005661946,0.259501330099969,0.531781386719429,TRUE,FALSE
1,632,-0.28279234474638,0.271706986426781,0.554499331173161,TRUE,FALSE
1,633,-0.26157101100742,0.248944633786423,0.510515644793843,TRUE,FALSE
1,634,-0.264566372161072,0.252698591164871,0.517264963325943,TRUE,FALSE
1,635,-0.259529667784128,0.244522889116274,0.504052556900402,TRUE,FALSE
1,636,-0.275317566823882,0.261973642494565,0.537291209318448,TRUE,FALSE
1,637,-0.259325060226938,0.243540357491758,0.502865417718696,TRUE,FALSE
1,638,-0.273085913071088,0.256059163776002,0.52914507684709,TRUE,FALSE
1,639,-0.282238327468625,0.270377686327221,0.552616013795846,TRUE,FALSE
1,640,-0.272241770920962,0.265491818463887,0.537733589384849,TRUE,FALSE
1,641,-0.269298176771942,0.255573665916271,0.524871842688213,TRUE,FALSE
1,642,-0.280434259524276,0.272526244781992,0.552960504306269,TRUE,FALSE
1,643,-0.276181955898056,0.263471576874413,0.539653532772468,TRUE,FALSE
1,644,-0.278306400196729,0.267262407570269,0.545568807766997,TRUE,FALSE
1,645,-0.276473425428011,0.264286233714114,0.540759659142125,TRUE,FALSE
1,646,-0.273286791221377,0.260029172168803,0.53331596339018,TRUE,FALSE
1,647,-0.280464862822182,0.266608747870308,0.54707361069249,TRUE,FALSE
1,648,-0.267369565637475,0.25617629542101,0.523545861058485,TRUE,FALSE
1,649,-0.254941350871873,0.248006638355278,0.502947989227151,TRUE,FALSE
1,650,-0.272921363883075,0.258919378435242,0.531840742318317,TRUE,FALSE
1,651,-0.265723784433457,0.24538850808702,0.511112292520477,TRUE,FALSE
1,652,-0.272181359893595,0.255592190825436,0.527773550719031,TRUE,FALSE
1,653,-0.261637411602265,0.255185866139993,0.516823277742258,TRUE,FALSE
1,654,-0.265699991267098,0.254500269389642,0.52020026065674,TRUE,FALSE
1,655,-0.271614747903505,0.261857137647803,0.533471885551307,TRUE,FALSE
1,656,-0.280739495749828,0.272741479235288,0.553480974985116,TRUE,FALSE
1,657,-0.276598622700199,0.247219508477564,0.523818131177762,TRUE,FALSE
1,658,-0.253957943368529,0.229158027835434,0.483115971203963,TRUE,FALSE
1,659,-0.273899527722503,0.263579396906488,0.537478924628991,TRUE,FALSE
1,660,-0.28613021283588,0.275605432278878,0.561735645114757,TRUE,FALSE
1,661,-0.283424928554096,0.274532958467169,0.557957887021266,TRUE,FALSE
1,662,-0.276677637691261,0.269222870318461,0.545900508009722,TRUE,FALSE
1,663,-0.269420382168769,0.238683724817399,0.508104106986168,TRUE,FALSE
1,664,-0.267786338516176,0.252786905983317,0.520573244499493,TRUE,FALSE
1,665,-0.269870597678241,0.25700312686131,0.52687372453955,TRUE,FALSE
1,666,-0.284918371208502,0.269800121510236,0.554718492718739,TRUE,FALSE
1,667,-0.263094927169737,0.232606484858029,0.495701412027766,TRUE,FALSE
1,668,-0.274832959365524,0.25929086504236,0.534123824407884,TRUE,FALSE
1,669,-0.27309376322762,0.25158114451981,0.52467490774743,TRUE,FALSE
1,670,-0.27492156066895,0.265957422201768,0.540878982870718,TRUE,FALSE
1,671,-0.280419723107742,0.267121633077647,0.547541356185389,TRUE,FALSE
1,672,-0.271863060306625,0.246148950788677,0.518012011095303,TRUE,FALSE
1,673,-0.283209014200159,0.269020810458255,0.552229824658415,TRUE,FALSE
1,674,-0.269780533358389,0.257468889481228,0.527249422839617,TRUE,FALSE
1,675,-0.255953176030643,0.229925651583161,0.485878827613804,TRUE,FALSE
1,676,-0.240949532004399,0.225794479691443,0.466744011695842,TRUE,FALSE
1,677,-0.267104115812436,0.251216508225764,0.5183206240382,TRUE,FALSE
1,678,-0.275478508550263,0.26491659936733,0.540395107917593,TRUE,FALSE
1,679,-0.26773332668941,0.253730576927415,0.521463903616825,TRUE,FALSE
1,680,-0.247430556250653,0.234371048547554,0.481801604798207,TRUE,FALSE
1,681,-0.275133143520318,0.259536018215812,0.53466916173613,TRUE,FALSE
1,682,-0.274485395779229,0.24929721590942,0.523782611688649,TRUE,FALSE
1,683,-0.280863322499452,0.272160053004046,0.553023375503499,TRUE,FALSE
1,684,-0.28074540619271,0.266957901877745,0.547703308070455,TRUE,FALSE
1,685,-0.280244709445663,0.264759229730473,0.545003939176136,TRUE,FALSE
1,686,-0.281015915959113,0.264651167823777,0.54566708378289,TRUE,FALSE
1,687,-0.256369701688076,0.26119465424895,0.517564355937026,TRUE,FALSE
1,688,-0.276176302834117,0.252262576298777,0.528438879132894,TRUE,FALSE
1,689,-0.257427671267384,0.26290443011067,0.520332101378054,TRUE,FALSE
1,690,-0.272936386614662,0.258626175400246,0.531562562014908,TRUE,FALSE
1,691,-0.278471468657677,0.269363073924221,0.547834542581898,TRUE,FALSE
1,692,-0.276804657907676,0.263972068237372,0.540776726145048,TRUE,FALSE
1,693,-0.249070941989672,0.25878341892048,0.507854360910152,TRUE,FALSE
1,694,-0.276220500162767,0.251710094429592,0.52793059459236,TRUE,FALSE
1,695,-0.284047553313976,0.274057642121041,0.558105195435017,TRUE,FALSE
1,696,-0.252638737892385,0.246409867992627,0.499048605885012,TRUE,FALSE
1,697,-0.276171516937014,0.265409427000371,0.541580943937385,TRUE,FALSE
1,698,-0.269081346252293,0.254856271353927,0.52393761760622,TRUE,FALSE
1,699,-0.276096070649167,0.238542386389268,0.514638457038435,TRUE,FALSE
1,700,-0.279255877326065,0.272706881453348,0.551962758779413,TRUE,FALSE
1,701,-0.285055103030839,0.271147395412039,0.556202498442878,TRUE,FALSE
1,702,-0.270644151972484,0.25709105410075,0.527735206073234,TRUE,FALSE
1,703,-0.268575939969479,0.256081253423176,0.524657193392654,TRUE,FALSE
1,704,-0.275095493997109,0.259401642564019,0.534497136561129,TRUE,FALSE
1,705,-0.251239898508401,0.260949295056393,0.512189193564794,TRUE,FALSE
1,706,-0.271858799760685,0.253328009699464,0.525186809460149,TRUE,FALSE
1,707,-0.264144532599309,0.249231114272673,0.513375646871982,TRUE,FALSE
1,708,-0.267442805357216,0.253582426727732,0.521025232084948,TRUE,FALSE
1,709,-0.284965374686628,0.271342518161516,0.556307892848144,TRUE,FALSE
1,710,-0.272276972687513,0.258781297299808,0.531058269987321,TRUE,FALSE
1,711,-0.283928224539616,0.273037144340976,0.556965368880593,TRUE,FALSE
1,712,-0.267946742338615,0.254909070423978,0.522855812762594,TRUE,FALSE
1,713,-0.271006892395388,0.264108593880574,0.535115486275963,TRUE,FALSE
1,714,-0.269836246291331,0.256158895280889,0.52599514157222,TRUE,FALSE
1,715,-0.275709299753076,0.26267422418709,0.538383523940166,TRUE,FALSE
1,716,-0.26847392505259,0.25620565926711,0.5246795843197,TRUE,FALSE
1,717,-0.279725176732817,0.269437117392408,0.549162294125226,TRUE,FALSE
1,718,-0.262284954005842,0.247230742026019,0.509515696031861,TRUE,FALSE
1,719,-0.263021363161511,0.258820183934125,0.521841547095636,TRUE,FALSE
1,720,-0.273800434218782,0.245832007203969,0.519632441422751,TRUE,FALSE
1,721,-0.281636947688627,0.270082011591236,0.551718959279863,TRUE,FALSE
1,722,-0.274212927878017,0.256596802042766,0.530809729920782,TRUE,FALSE
1,723,-0.274800048525298,0.267827806118513,0.542627854643811,TRUE,FALSE
1,724,-0.258712437851184,0.243342454440917,0.5020548922921,TRUE,FALSE
1,725,-0.274815264993492,0.270207739016483,0.545023004009976,TRUE,FALSE
1,726,-0.283994787499405,0.273046103009185,0.55704089050859,TRUE,FALSE
1,727,-0.268617249241601,0.257836718675198,0.526453967916799,TRUE,FALSE
1,728,-0.267042161333675,0.258092933890069,0.525135095223744,TRUE,FALSE
1,729,-0.275387275121856,0.261058580417152,0.536445855539008,TRUE,FALSE
1,730,-0.284647535192143,0.275847125304944,0.560494660497087,TRUE,FALSE
1,731,-0.279778065789565,0.267547993180848,0.547326058970414,TRUE,FALSE
1,732,-0.274122536396979,0.261362434760749,0.535484971157728,TRUE,FALSE
1,733,-0.273468891963574,0.265880870916314,0.539349762879888,TRUE,FALSE
1,734,-0.250921159250385,0.259312589350691,0.510233748601076,TRUE,FALSE
1,735,-0.263403716731979,0.245739304344347,0.509143021076326,TRUE,FALSE
1,736,-0.275999023501456,0.267341658620826,0.543340682122281,TRUE,FALSE
1,737,-0.267934096917385,0.25522932506584,0.523163421983224,TRUE,FALSE
1,738,-0.270199161737292,0.256164408033221,0.526363569770513,TRUE,FALSE
1,739,-0.259381315874709,0.24641066344591,0.505791979320619,TRUE,FALSE
1,740,-0.273424120298899,0.261134305090103,0.534558425389002,TRUE,FALSE
1,741,-0.276858923301381,0.264725851869438,0.541584775170819,TRUE,FALSE
1,742,-0.268490192580035,0.258870338064497,0.527360530644532,TRUE,FALSE
1,743,-0.264751452677403,0.250759296213136,0.515510748890539,TRUE,FALSE
1,744,-0.259303966102169,0.235528975145683,0.494832941247852,TRUE,FALSE
1,745,-0.26518920118705,0.254932107518116,0.520121308705166,TRUE,FALSE
1,746,-0.258218027127994,0.250312787097275,0.508530814225269,TRUE,FALSE
1,747,-0.269985136352994,0.255714172271001,0.525699308623995,TRUE,FALSE
1,748,-0.266600110320898,0.262731454011947,0.529331564332845,TRUE,FALSE
1,749,-0.280350006424037,0.265999909882679,0.546349916306716,TRUE,FALSE
1,750,-0.254643583498903,0.247838725049541,0.502482308548444,TRUE,FALSE
1,751,-0.268263929516387,0.250768673485197,0.519032603001584,TRUE,FALSE
1,752,-0.284440610187852,0.260339240922637,0.544779851110489,TRUE,FALSE
1,753,-0.280730290692265,0.267266272753044,0.547996563445309,TRUE,FALSE
1,754,-0.265618545925735,0.256036685852659,0.521655231778393,TRUE,FALSE
1,755,-0.279932076585763,0.274473494739402,0.554405571325165,TRUE,FALSE
1,756,-0.27281265773694,0.26255987232112,0.53537253005806,TRUE,FALSE
1,757,-0.282459463422948,0.274016267366028,0.556475730788976,TRUE,FALSE
1,758,-0.270371861935339,0.247590402451189,0.517962264386528,TRUE,FALSE
1,759,-0.276197573249813,0.235272304048061,0.511469877297873,TRUE,FALSE
1,760,-0.267434075535707,0.258497364158342,0.525931439694049,TRUE,FALSE
1,761,-0.276586265957946,0.261843145478702,0.538429411436648,TRUE,FALSE
1,762,-0.276502905236189,0.26127709309643,0.537779998332619,TRUE,FALSE
1,763,-0.286482920359752,0.271696230098805,0.558179150458557,TRUE,FALSE
1,764,-0.281884852213198,0.26374513455873,0.545629986771928,TRUE,FALSE
1,765,-0.268671699210657,0.243783849092727,0.512455548303384,TRUE,FALSE
1,766,-0.277925596092563,0.26723260854215,0.545158204634713,TRUE,FALSE
1,767,-0.253627080477983,0.253359141929433,0.506986222407416,TRUE,FALSE
1,768,-0.273173887860823,0.257691123448252,0.530865011309074,TRUE,FALSE
1,769,-0.277802815781461,0.269409568938382,0.547212384719843,TRUE,FALSE
1,770,-0.282511062631598,0.26236488813488,0.544875950766478,TRUE,FALSE
1,771,-0.268249954548334,0.258120783953138,0.526370738501473,TRUE,FALSE
1,772,-0.260217124992804,0.247866630649827,0.508083755642631,TRUE,FALSE
1,773,-0.265258014542885,0.252453565675403,0.517711580218288,TRUE,FALSE
1,774,-0.269855402387389,0.260194659584001,0.53005006197139,TRUE,FALSE
1,775,-0.273366482502371,0.260181671126829,0.5335481536292,TRUE,FALSE
1,776,-0.262433746436606,0.273352302303597,0.535786048740202,TRUE,FALSE
1,777,-0.26621319589671,0.26026766952214,0.52648086541885,TRUE,FALSE
1,778,-0.290481219134584,0.274767810510574,0.565249029645157,TRUE,FALSE
1,779,-0.279574743164739,0.267811122171405,0.547385865336144,TRUE,FALSE
1,780,-0.271989110224138,0.259548547873101,0.531537658097238,TRUE,FALSE
1,781,-0.260088666507738,0.249737617985322,0.50982628449306,TRUE,FALSE
1,782,-0.277184806318635,0.264849923147846,0.542034729466481,TRUE,FALSE
1,783,-0.255481279766841,0.245330890955501,0.500812170722342,TRUE,FALSE
1,784,-0.264192728866792,0.248293324143753,0.512486053010545,TRUE,FALSE
1,785,-0.249669545891333,0.242465983488508,0.492135529379841,TRUE,FALSE
1,786,-0.291507931260786,0.27966440595076,0.571172337211546,TRUE,FALSE
1,787,-0.275085826842836,0.260284139153403,0.535369965996239,TRUE,FALSE
1,788,-0.278830011716822,0.266970487034837,0.545800498751659,TRUE,FALSE
1,789,-0.255180130676849,0.240391475604445,0.495571606281294,TRUE,FALSE
1,790,-0.259789712417785,0.250133870195448,0.509923582613233,TRUE,FALSE
1,791,-0.261419619012978,0.268243642831433,0.529663261844411,TRUE,FALSE
1,792,-0.280119633712236,0.253764810993057,0.533884444705293,TRUE,FALSE
1,793,-0.272372756963916,0.262768408644742,0.535141165608658,TRUE,FALSE
1,794,-0.264821486117318,0.251347461910342,0.51616894802766,TRUE,FALSE
1,795,-0.275389081206588,0.268737189558699,0.544126270765287,TRUE,FALSE
1,796,-0.283573223250716,0.267947522154533,0.551520745405249,TRUE,FALSE
1,797,-0.273371622649133,0.261240698944523,0.534612321593656,TRUE,FALSE
1,798,-0.287047892829881,0.253410518808555,0.540458411638436,TRUE,FALSE
1,799,-0.285817057854201,0.270883978833317,0.556701036687518,TRUE,FALSE
1,800,-0.278193378803662,0.267470547086326,0.545663925889988,TRUE,FALSE
1,801,-0.282875142382632,0.273661692125857,0.556536834508489,TRUE,FALSE
1,802,-0.251329085901897,0.233631694042371,0.484960779944268,TRUE,FALSE
1,803,-0.254852220159883,0.237333475789796,0.492185695949679,TRUE,FALSE
1,804,-0.273191120761095,0.259841775893784,0.53303289665488,TRUE,FALSE
1,805,-0.280526277752098,0.269096228433138,0.549622506185236,TRUE,FALSE
1,806,-0.280738954407635,0.272858315373106,0.553597269780741,TRUE,FALSE
1,807,-0.26343016112573,0.258583631179146,0.522013792304876,TRUE,FALSE
1,808,-0.269611985366461,0.266700436888721,0.536312422255182,TRUE,FALSE
1,809,-0.2631402887824,0.25377549694069,0.51691578572309,TRUE,FALSE
1,810,-0.26891970809886,0.255180748736534,0.524100456835394,TRUE,FALSE
1,811,-0.275591597040386,0.263511037547523,0.539102634587909,TRUE,FALSE
1,812,-0.265035776215732,0.248434756531036,0.513470532746768,TRUE,FALSE
1,813,-0.277011861727854,0.264151943617766,0.541163805345619,TRUE,FALSE
1,814,-0.25977342768276,0.26673296351274,0.5265063911955,TRUE,FALSE
1,815,-0.262514696002805,0.25129629908239,0.513810995085196,TRUE,FALSE
1,816,-0.282061418699077,0.267803576700423,0.549864995399501,TRUE,FALSE
1,817,-0.278064392728459,0.269720906943055,0.547785299671513,TRUE,FALSE
1,818,-0.287866933156022,0.275274574609369,0.563141507765391,TRUE,FALSE
1,819,-0.271590992218629,0.260963170133954,0.532554162352583,TRUE,FALSE
1,820,-0.273345157659222,0.257977034330198,0.53132219198942,TRUE,FALSE
1,821,-0.281479005612263,0.271061531045682,0.552540536657946,TRUE,FALSE
1,822,-0.286309413237793,0.272592153982554,0.558901567220348,TRUE,FALSE
1,823,-0.269157417467473,0.260365763501221,0.529523180968694,TRUE,FALSE
1,824,-0.275703964002999,0.260912057332353,0.536616021335352,TRUE,FALSE
1,825,-0.27931976468258,0.261220709739113,0.540540474421694,TRUE,FALSE
1,826,-0.270580092207662,0.257421154000276,0.528001246207938,TRUE,FALSE
1,827,-0.279301793057098,0.265121524403919,0.544423317461017,TRUE,FALSE
1,828,-0.270056823000498,0.258492824551784,0.528549647552282,TRUE,FALSE
1,829,-0.276859425334484,0.262291759485967,0.539151184820451,TRUE,FALSE
1,830,-0.264642294714837,0.247293853828907,0.511936148543744,TRUE,FALSE
1,831,-0.261079128047135,0.244832476593009,0.505911604640145,TRUE,FALSE
1,832,-0.268995788887093,0.258485956524701,0.527481745411794,TRUE,FALSE
1,833,-0.285534210163064,0.272817066501845,0.558351276664908,TRUE,FALSE
1,834,-0.274271846695236,0.264152623180293,0.538424469875529,TRUE,FALSE
1,835,-0.272674653758704,0.264031974938281,0.536706628696985,TRUE,FALSE
1,836,-0.275897825142223,0.260711487688713,0.536609312830936,TRUE,FALSE
1,837,-0.282387251174367,0.270253497557692,0.552640748732059,TRUE,FALSE
1,838,-0.264214560805501,0.252969735862917,0.517184296668418,TRUE,FALSE
1,839,-0.28157629037594,0.269507842190017,0.551084132565957,TRUE,FALSE
1,840,-0.279702313888804,0.267799877070911,0.547502190959714,TRUE,FALSE
1,841,-0.280817829921089,0.26944333153012,0.550261161451209,TRUE,FALSE
1,842,-0.277729577539744,0.264640236180199,0.542369813719943,TRUE,FALSE
1,843,-0.282667069614076,0.257747137506999,0.540414207121075,TRUE,FALSE
1,844,-0.280391445429672,0.268573089556194,0.548964534985865,TRUE,FALSE
1,845,-0.257246008104032,0.233170844855055,0.490416852959087,TRUE,FALSE
1,846,-0.26512431671656,0.274917429844611,0.540041746561171,TRUE,FALSE
1,847,-0.28224169432767,0.267718031924641,0.549959726252311,TRUE,FALSE
1,848,-0.279711150140288,0.266559755050578,0.546270905190866,TRUE,FALSE
1,849,-0.280259686575532,0.270565831352543,0.550825517928075,TRUE,FALSE
1,850,-0.280196050962154,0.263813839500916,0.54400989046307,TRUE,FALSE
1,851,-0.277260856771834,0.24347016227912,0.520731019050953,TRUE,FALSE
1,852,-0.286529150806107,0.274719504220024,0.561248655026131,TRUE,FALSE
1,853,-0.27645701371989,0.262119544289329,0.538576558009219,TRUE,FALSE
1,854,-0.271747810744874,0.255124860461605,0.526872671206479,TRUE,FALSE
1,855,-0.265146660060503,0.258434400967277,0.52358106102778,TRUE,FALSE
1,856,-0.276574765294415,0.266077073783068,0.542651839077483,TRUE,FALSE
1,857,-0.273884569717552,0.259211313591957,0.53309588330951,TRUE,FALSE
1,858,-0.271042665101722,0.251612480124102,0.522655145225824,TRUE,FALSE
1,859,-0.271245570736028,0.259045642328289,0.530291213064317,TRUE,FALSE
1,860,-0.257498010249962,0.254723435691647,0.51222144594161,TRUE,FALSE
1,861,-0.275533794380838,0.25630035274123,0.531834147122068,TRUE,FALSE
1,862,-0.282937929450881,0.269639727125419,0.5525776565763,TRUE,FALSE
1,863,-0.276189359050096,0.264993011767991,0.541182370818087,TRUE,FALSE
1,864,-0.269773623452168,0.256905461308157,0.526679084760325,TRUE,FALSE
1,865,-0.283122970103012,0.270400459845221,0.553523429948233,TRUE,FALSE
1,866,-0.265172703517347,0.259888030131254,0.525060733648601,TRUE,FALSE
1,867,-0.256326900093255,0.244324663981347,0.500651564074602,TRUE,FALSE
1,868,-0.263890449600702,0.253818894156203,0.517709343756905,TRUE,FALSE
1,869,-0.271347624117529,0.260578011382233,0.531925635499762,TRUE,FALSE
1,870,-0.256397833380875,0.252783975946316,0.509181809327191,TRUE,FALSE
1,871,-0.272876285213744,0.258748060298581,0.531624345512326,TRUE,FALSE
1,872,-0.264813226543354,0.241778615035624,0.506591841578978,TRUE,FALSE
1,873,-0.268668810913882,0.255245235188571,0.523914046102453,TRUE,FALSE
1,874,-0.273094469468935,0.267891696762941,0.540986166231876,TRUE,FALSE
1,875,-0.26844454574969,0.243450694941031,0.511895240690721,TRUE,FALSE
1,876,-0.282898470873317,0.24938411792632,0.532282588799637,TRUE,FALSE
1,877,-0.27880968476022,0.27343684118345,0.55224652594367,TRUE,FALSE
1,878,-0.26960131791203,0.253821777436385,0.523423095348415,TRUE,FALSE
1,879,-0.281845547005321,0.267285792425816,0.549131339431137,TRUE,FALSE
1,880,-0.27584175309899,0.271011228621526,0.546852981720516,TRUE,FALSE
1,881,-0.272130377404315,0.260039819975539,0.532170197379854,TRUE,FALSE
1,882,-0.282507291487672,0.268070538010957,0.550577829498629,TRUE,FALSE
1,883,-0.273141112605308,0.260522629000289,0.533663741605596,TRUE,FALSE
1,884,-0.277276622482894,0.26363743050926,0.540914052992154,TRUE,FALSE
1,885,-0.281377109301595,0.264590661673889,0.545967770975484,TRUE,FALSE
1,886,-0.267901643312335,0.26027080991041,0.528172453222745,TRUE,FALSE
1,887,-0.267090331199406,0.260328654532802,0.527418985732208,TRUE,FALSE
1,888,-0.26602419346541,0.255505933335267,0.521530126800677,TRUE,FALSE
1,889,-0.280703475994155,0.268702060514802,0.549405536508958,TRUE,FALSE
1,890,-0.247741075580575,0.235709305255373,0.483450380835947,TRUE,FALSE
1,891,-0.270351262678759,0.259603281263142,0.529954543941901,TRUE,FALSE
1,892,-0.277079374872811,0.272670650646082,0.549750025518892,TRUE,FALSE
1,893,-0.266497016166161,0.250243484186888,0.516740500353049,TRUE,FALSE
1,894,-0.269230394132656,0.255318073376169,0.524548467508825,TRUE,FALSE
1,895,-0.266312525115836,0.253056377225574,0.51936890234141,TRUE,FALSE
1,896,-0.269604893256615,0.241676201467399,0.511281094724014,TRUE,FALSE
1,897,-0.284923700453511,0.270542117425912,0.555465817879424,TRUE,FALSE
1,898,-0.277806889323313,0.265413021906377,0.543219911229689,TRUE,FALSE
1,899,-0.266644227551543,0.254248015552696,0.520892243104239,TRUE,FALSE
1,900,-0.267359406841361,0.255884717489908,0.52324412433127,TRUE,FALSE
1,901,-0.278054856235695,0.261940739920765,0.539995596156461,TRUE,FALSE
1,902,-0.274490892758266,0.262323566334553,0.53681445909282,TRUE,FALSE
1,903,-0.269040137961632,0.259218108791172,0.528258246752804,TRUE,FALSE
1,904,-0.267481220361914,0.256668441766038,0.524149662127952,TRUE,FALSE
1,905,-0.286891321336465,0.274510515095875,0.56140183643234,TRUE,FALSE
1,906,-0.287852782254467,0.276120428479973,0.56397321073444,TRUE,FALSE
1,907,-0.279304571849861,0.266114773165639,0.5454193450155,TRUE,FALSE
1,908,-0.275183371251849,0.268537634218501,0.54372100547035,TRUE,FALSE
1,909,-0.265146402246022,0.24726245613661,0.512408858382632,TRUE,FALSE
1,910,-0.278531867524229,0.270228706084277,0.548760573608506,TRUE,FALSE
1,911,-0.282269003321181,0.268772432014854,0.551041435336035,TRUE,FALSE
1,912,-0.275604631961863,0.253146692312651,0.528751324274513,TRUE,FALSE
1,913,-0.256131343772754,0.229383637930933,0.485514981703688,TRUE,FALSE
1,914,-0.279475913542682,0.265763969730104,0.545239883272786,TRUE,FALSE
1,915,-0.274935099556565,0.264471043360679,0.539406142917244,TRUE,FALSE
1,916,-0.263968063920364,0.254236518106631,0.518204582026995,TRUE,FALSE
1,917,-0.273539836458177,0.263526210801438,0.537066047259615,TRUE,FALSE
1,918,-0.27211695200589,0.261923857293977,0.534040809299867,TRUE,FALSE
1,919,-0.284638383036902,0.269910683189618,0.55454906622652,TRUE,FALSE
1,920,-0.267380453292091,0.25222810185919,0.519608555151281,TRUE,FALSE
1,921,-0.278702582813201,0.269029751817152,0.547732334630353,TRUE,FALSE
1,922,-0.270373079942373,0.257236517602963,0.527609597545336,TRUE,FALSE
1,923,-0.273817909148832,0.261601593683926,0.535419502832758,TRUE,FALSE
1,924,-0.256646578185323,0.244637267248479,0.501283845433802,TRUE,FALSE
1,925,-0.263126286575025,0.250248532072421,0.513374818647446,TRUE,FALSE
1,926,-0.274601879508365,0.24893665903922,0.523538538547585,TRUE,FALSE
1,927,-0.260820202748109,0.251198843720948,0.512019046469058,TRUE,FALSE
1,928,-0.280304035467341,0.26508131912855,0.545385354595891,TRUE,FALSE
1,929,-0.278829065351796,0.269455499890399,0.548284565242195,TRUE,FALSE
1,930,-0.273786202024456,0.26191328053121,0.535699482555666,TRUE,FALSE
1,931,-0.27192136291827,0.25648479072286,0.52840615364113,TRUE,FALSE
1,932,-0.283261665991881,0.277563543799669,0.56082520979155,TRUE,FALSE
1,933,-0.277153056314204,0.268771431467084,0.545924487781287,TRUE,FALSE
1,934,-0.263849307574618,0.26099163555497,0.524840943129588,TRUE,FALSE
1,935,-0.280024495627189,0.260329678748951,0.54035417437614,TRUE,FALSE
1,936,-0.28995803469372,0.277713598594693,0.567671633288414,TRUE,FALSE
1,937,-0.268416767138319,0.256596699584158,0.525013466722477,TRUE,FALSE
1,938,-0.266090268369554,0.251828878899241,0.517919147268796,TRUE,FALSE
1,939,-0.282162397702609,0.25533257047146,0.537494968174069,TRUE,FALSE
1,940,-0.280558088272371,0.274002947611473,0.554561035883844,TRUE,FALSE
1,941,-0.256498273595866,0.242156055494972,0.498654329090838,TRUE,FALSE
1,942,-0.277780331594724,0.263271699371574,0.541052030966298,TRUE,FALSE
1,943,-0.271937282563005,0.266523810973488,0.538461093536493,TRUE,FALSE
1,944,-0.284436177869973,0.248370682786755,0.532806860656728,TRUE,FALSE
1,945,-0.272186084894904,0.261246431087873,0.533432515982777,TRUE,FALSE
1,946,-0.276551566785554,0.268821298100823,0.545372864886377,TRUE,FALSE
1,947,-0.292542376994649,0.274083912509855,0.566626289504503,TRUE,FALSE
1,948,-0.263103037416857,0.255238364733433,0.51834140215029,TRUE,FALSE
1,949,-0.269930750470912,0.251644558281967,0.521575308752879,TRUE,FALSE
1,950,-0.274127967716304,0.260454369804944,0.534582337521248,TRUE,FALSE
1,951,-0.273696505301783,0.260328036042978,0.534024541344761,TRUE,FALSE
1,952,-0.273334300681251,0.263808936068692,0.537143236749944,TRUE,FALSE
1,953,-0.262652392328063,0.250819300869955,0.513471693198018,TRUE,FALSE
1,954,-0.278202873119848,0.251351818426717,0.529554691546565,TRUE,FALSE
1,955,-0.269309412621786,0.26196161947266,0.531271032094446,TRUE,FALSE
1,956,-0.280391884240539,0.265206494674289,0.545598378914828,TRUE,FALSE
1,957,-0.278514463862874,0.259443561749478,0.537958025612352,TRUE,FALSE
1,958,-0.279751839005951,0.265542506518392,0.545294345524343,TRUE,FALSE
1,959,-0.279237966352588,0.270033364950298,0.549271331302886,TRUE,FALSE
1,960,-0.275664215717311,0.261585137153615,0.537249352870925,TRUE,FALSE
1,961,-0.276937920737498,0.243919831139794,0.520857751877292,TRUE,FALSE
1,962,-0.280442440238062,0.267463323452753,0.547905763690815,TRUE,FALSE
1,963,-0.259759076570798,0.242512618039415,0.502271694610213,TRUE,FALSE
1,964,-0.260742528162383,0.247782282475496,0.508524810637879,TRUE,FALSE
1,965,-0.275790858470177,0.264679294229661,0.540470152699838,TRUE,FALSE
1,966,-0.274944816583839,0.26091586726095,0.53586068384479,TRUE,FALSE
1,967,-0.27186807458325,0.263570062441978,0.535438137025227,TRUE,FALSE
1,968,-0.270421514474887,0.262134825446677,0.532556339921565,TRUE,FALSE
1,969,-0.2680524658727,0.238597746133134,0.506650212005834,TRUE,FALSE
1,970,-0.278191054282495,0.262683365526007,0.540874419808502,TRUE,FALSE
1,971,-0.261298552747139,0.24917158691815,0.51047013966529,TRUE,FALSE
1,972,-0.276112369034245,0.259920667487584,0.536033036521828,TRUE,FALSE
1,973,-0.274415101486307,0.262631699163458,0.537046800649765,TRUE,FALSE
1,974,-0.267536363229026,0.256221344987943,0.523757708216969,TRUE,FALSE
1,975,-0.261423256501683,0.265947008097307,0.527370264598989,TRUE,FALSE
1,976,-0.27976299335161,0.257910609189354,0.537673602540964,TRUE,FALSE
1,977,-0.278999364403623,0.266363762742594,0.545363127146216,TRUE,FALSE
1,978,-0.280258452674016,0.268472236841356,0.548730689515372,TRUE,FALSE
1,979,-0.280875285806231,0.255535371930448,0.536410657736679,TRUE,FALSE
1,980,-0.270352336113823,0.261508206917792,0.531860543031615,TRUE,FALSE
1,981,-0.271632020719991,0.262466152123276,0.534098172843267,TRUE,FALSE
1,982,-0.265462349512025,0.241023373594298,0.506485723106323,TRUE,FALSE
1,983,-0.268585894351107,0.25469882841933,0.523284722770437,TRUE,FALSE
1,984,-0.267617482192233,0.239427913077723,0.507045395269956,TRUE,FALSE
1,985,-0.266858362378316,0.257394265630002,0.524252628008318,TRUE,FALSE
1,986,-0.283723928676059,0.263190797243258,0.546914725919317,TRUE,FALSE
1,987,-0.260667963043491,0.247830210000884,0.508498173044375,TRUE,FALSE
1,988,-0.279280215762734,0.272680962175353,0.551961177938087,TRUE,FALSE
1,989,-0.268636396958514,0.256922977684106,0.52555937464262,TRUE,FALSE
1,990,-0.275324931444996,0.265306537071149,0.540631468516145,TRUE,FALSE
1,991,-0.276775764224509,0.263893424452078,0.540669188676587,TRUE,FALSE
1,992,-0.279735022384988,0.272125510733011,0.551860533117999,TRUE,FALSE
1,993,-0.269819273002925,0.268013154464247,0.537832427467171,TRUE,FALSE
1,994,-0.283512274395402,0.264950199614642,0.548462474010044,TRUE,FALSE
1,995,-0.263437831151427,0.257819108315636,0.521256939467063,TRUE,FALSE
1,996,-0.27833012108273,0.263014212951432,0.541344334034163,TRUE,FALSE
1,997,-0.281695973100603,0.271106891883456,0.552802864984059,TRUE,FALSE
1,998,-0.287567953950921,0.268616424187555,0.556184378138477,TRUE,FALSE
1,999,-0.281944535144903,0.271854585896838,0.553799121041741,TRUE,FALSE
1,1000,-0.261447165994153,0.261644602500032,0.523091768494185,TRUE,FALSE
5,1,-0.253304547189995,0.233612671140984,0.48691721833098,TRUE,FALSE
5,2,-0.2472627386053,0.238287813311608,0.485550551916908,TRUE,FALSE
5,3,-0.247091267225377,0.232997922145098,0.480089189370474,TRUE,FALSE
5,4,-0.223792944865121,0.232996114402657,0.456789059267778,TRUE,FALSE
5,5,-0.237901491543159,0.222994159207568,0.460895650750726,TRUE,FALSE
5,6,-0.237764189415703,0.24536981323124,0.483134002646943,TRUE,FALSE
5,7,-0.239140071169886,0.222695474905306,0.461835546075193,TRUE,FALSE
5,8,-0.225756961385053,0.231176522380865,0.456933483765919,TRUE,FALSE
5,9,-0.254020804778178,0.240742217989946,0.494763022768124,TRUE,FALSE
5,10,-0.238009177497747,0.231373332552684,0.469382510050431,TRUE,FALSE
5,11,-0.221906908681133,0.242276657807275,0.464183566488408,TRUE,FALSE
5,12,-0.219004396480894,0.251761974154507,0.470766370635401,TRUE,FALSE
5,13,-0.242378084679871,0.237207995079415,0.479586079759287,TRUE,FALSE
5,14,-0.247817990023327,0.232086946874893,0.47990493689822,TRUE,FALSE
5,15,-0.244099764628581,0.230595640855323,0.474695405483904,TRUE,FALSE
5,16,-0.253862952924416,0.235882018083219,0.489744971007636,TRUE,FALSE
5,17,-0.249970031490595,0.204711250754132,0.454681282244726,TRUE,FALSE
5,18,-0.249904460525917,0.220543407992147,0.470447868518064,TRUE,FALSE
5,19,-0.252031125554701,0.226493972581175,0.478525098135876,TRUE,FALSE
5,20,-0.223847647325102,0.235856864709998,0.4597045120351,TRUE,FALSE
5,21,-0.244984685451005,0.243683492402733,0.488668177853738,TRUE,FALSE
5,22,-0.247676519877543,0.233562399773022,0.481238919650565,TRUE,FALSE
5,23,-0.239824242711306,0.214410473593199,0.454234716304505,TRUE,FALSE
5,24,-0.22655663151836,0.224200152195941,0.450756783714301,TRUE,FALSE
5,25,-0.236917648123316,0.234510810114473,0.471428458237789,TRUE,FALSE
5,26,-0.242494306451172,0.240306788499452,0.482801094950624,TRUE,FALSE
5,27,-0.224374260096476,0.230823858651481,0.455198118747957,TRUE,FALSE
5,28,-0.23770609979839,0.240349002984449,0.478055102782838,TRUE,FALSE
5,29,-0.252455423684509,0.233730037372656,0.486185461057165,TRUE,FALSE
5,30,-0.213606963741339,0.225828358211202,0.439435321952541,TRUE,FALSE
5,31,-0.253502892629231,0.231341591893585,0.484844484522817,TRUE,FALSE
5,32,-0.222417697501261,0.211173922077882,0.433591619579143,TRUE,FALSE
5,33,-0.231463286531377,0.231817734032736,0.463281020564113,TRUE,FALSE
5,34,-0.244013977846228,0.227018361552026,0.471032339398254,TRUE,FALSE
5,35,-0.248831082319173,0.233272744740427,0.4821038270596,TRUE,FALSE
5,36,-0.226339519652079,0.23309267455856,0.459432194210638,TRUE,FALSE
5,37,-0.221898866160183,0.231923325004266,0.453822191164449,TRUE,FALSE
5,38,-0.233921538979503,0.211889317277144,0.445810856256647,TRUE,FALSE
5,39,-0.23739441604532,0.244218209265999,0.481612625311319,TRUE,FALSE
5,40,-0.245541016733659,0.230848367083298,0.476389383816957,TRUE,FALSE
5,41,-0.24043837855173,0.240638339280092,0.481076717831822,TRUE,FALSE
5,42,-0.234816161159035,0.224624670645622,0.459440831804657,TRUE,FALSE
5,43,-0.237878486604937,0.223931082685346,0.461809569290283,TRUE,FALSE
5,44,-0.252104045667488,0.215989666404001,0.468093712071489,TRUE,FALSE
5,45,-0.25286962176439,0.222908657452978,0.475778279217369,TRUE,FALSE
5,46,-0.249494111016614,0.232677367747394,0.482171478764008,TRUE,FALSE
5,47,-0.255442618653195,0.225394332124103,0.480836950777298,TRUE,FALSE
5,48,-0.255589570909223,0.222730350243664,0.478319921152887,TRUE,FALSE
5,49,-0.236962267489737,0.213186843427487,0.450149110917224,TRUE,FALSE
5,50,-0.233801401233367,0.222507987089293,0.45630938832266,TRUE,FALSE
5,51,-0.21950991072767,0.225550511386333,0.445060422114003,TRUE,FALSE
5,52,-0.25069098772955,0.218137929333756,0.468828917063306,TRUE,FALSE
5,53,-0.245002049647268,0.243239339240736,0.488241388888005,TRUE,FALSE
5,54,-0.25088401384714,0.24489857309274,0.495782586939881,TRUE,FALSE
5,55,-0.229382124602478,0.22468582399063,0.454067948593108,TRUE,FALSE
5,56,-0.234812146234654,0.244398466897729,0.479210613132384,TRUE,FALSE
5,57,-0.23386073406968,0.237817762817774,0.471678496887454,TRUE,FALSE
5,58,-0.236336210215649,0.223716301562141,0.46005251177779,TRUE,FALSE
5,59,-0.238916951497553,0.231038075322272,0.469955026819825,TRUE,FALSE
5,60,-0.236184062791977,0.222012195443751,0.458196258235728,TRUE,FALSE
5,61,-0.213568670946792,0.226279946316761,0.439848617263553,TRUE,FALSE
5,62,-0.255111935127961,0.237423990586456,0.492535925714417,TRUE,FALSE
5,63,-0.231434898751935,0.247665853642304,0.479100752394239,TRUE,FALSE
5,64,-0.24373497759889,0.24305848614472,0.48679346374361,TRUE,FALSE
5,65,-0.244503084472752,0.233897371909663,0.478400456382415,TRUE,FALSE
5,66,-0.24377639733674,0.248216142387422,0.491992539724162,TRUE,FALSE
5,67,-0.25698330554649,0.235452239361355,0.492435544907845,TRUE,FALSE
5,68,-0.235111884859602,0.25030723873694,0.485419123596541,TRUE,FALSE
5,69,-0.249113891790989,0.197500575902135,0.446614467693124,TRUE,FALSE
5,70,-0.246865944697681,0.231868363624577,0.478734308322258,TRUE,FALSE
5,71,-0.20132408866918,0.222631637675938,0.423955726345118,TRUE,FALSE
5,72,-0.216580730005226,0.235772105693612,0.452352835698838,TRUE,FALSE
5,73,-0.235236177566175,0.238609450281559,0.473845627847734,TRUE,FALSE
5,74,-0.24795360195028,0.228871752242683,0.476825354192963,TRUE,FALSE
5,75,-0.231443855658064,0.225493631238535,0.4569374868966,TRUE,FALSE
5,76,-0.230283610317447,0.234932487435444,0.465216097752891,TRUE,FALSE
5,77,-0.231371816202909,0.233799825906356,0.465171642109265,TRUE,FALSE
5,78,-0.234363538918464,0.235389905280444,0.469753444198908,TRUE,FALSE
5,79,-0.216048897280386,0.208304334755543,0.424353232035929,TRUE,FALSE
5,80,-0.244864707368133,0.230673800401383,0.475538507769515,TRUE,FALSE
5,81,-0.238638960079356,0.236999210803477,0.475638170882832,TRUE,FALSE
5,82,-0.216282814832022,0.250062816365954,0.466345631197976,TRUE,FALSE
5,83,-0.252408998911475,0.240273723660115,0.492682722571589,TRUE,FALSE
5,84,-0.232612179979526,0.209250789692874,0.441862969672401,TRUE,FALSE
5,85,-0.244255968457972,0.236978036431132,0.481234004889104,TRUE,FALSE
5,86,-0.249515201993382,0.242325981936442,0.491841183929824,TRUE,FALSE
5,87,-0.239035034657266,0.235531185633889,0.474566220291156,TRUE,FALSE
5,88,-0.253942003071622,0.213571461858835,0.467513464930457,TRUE,FALSE
5,89,-0.235673822468536,0.221349488755844,0.45702331122438,TRUE,FALSE
5,90,-0.241605832596357,0.235313946288352,0.476919778884709,TRUE,FALSE
5,91,-0.243817106147782,0.232867005107906,0.476684111255688,TRUE,FALSE
5,92,-0.234752839577844,0.235521658166373,0.470274497744217,TRUE,FALSE
5,93,-0.24437698599976,0.226322591969159,0.470699577968919,TRUE,FALSE
5,94,-0.239661131779418,0.236052410597753,0.47571354237717,TRUE,FALSE
5,95,-0.243200482379952,0.223383546924246,0.466584029304198,TRUE,FALSE
5,96,-0.236609153052579,0.231530589832001,0.46813974288458,TRUE,FALSE
5,97,-0.243701876044283,0.233441093736583,0.477142969780866,TRUE,FALSE
5,98,-0.234681633607086,0.204624660385959,0.439306293993045,TRUE,FALSE
5,99,-0.23272822022733,0.236148874548712,0.468877094776041,TRUE,FALSE
5,100,-0.244465281962301,0.240571884547187,0.485037166509488,TRUE,FALSE
5,101,-0.225261693573187,0.220918829259415,0.446180522832603,TRUE,FALSE
5,102,-0.242622772127608,0.222291915483463,0.46491468761107,TRUE,FALSE
5,103,-0.223049498159047,0.241105267082604,0.464154765241651,TRUE,FALSE
5,104,-0.244001057406537,0.232709934433726,0.476710991840263,TRUE,FALSE
5,105,-0.234130132075929,0.233027252018979,0.467157384094908,TRUE,FALSE
5,106,-0.252788077332742,0.235270455704037,0.488058533036779,TRUE,FALSE
5,107,-0.251575497193283,0.220979923708806,0.472555420902089,TRUE,FALSE
5,108,-0.236936609187351,0.240003251734658,0.476939860922009,TRUE,FALSE
5,109,-0.214462459107167,0.227658632851489,0.442121091958656,TRUE,FALSE
5,110,-0.249519815809174,0.239686105554104,0.489205921363278,TRUE,FALSE
5,111,-0.242801773095034,0.240343030530642,0.483144803625675,TRUE,FALSE
5,112,-0.254401507438906,0.224919830260577,0.479321337699482,TRUE,FALSE
5,113,-0.231819976030233,0.218626244244165,0.450446220274398,TRUE,FALSE
5,114,-0.243536397456831,0.222457081160746,0.465993478617578,TRUE,FALSE
5,115,-0.254748146329774,0.234461202184351,0.489209348514126,TRUE,FALSE
5,116,-0.236593804416551,0.242210306930576,0.478804111347127,TRUE,FALSE
5,117,-0.261874612772271,0.217348585871961,0.479223198644232,TRUE,FALSE
5,118,-0.223101278022565,0.230436566038513,0.453537844061078,TRUE,FALSE
5,119,-0.238850012892621,0.199836282790427,0.438686295683048,TRUE,FALSE
5,120,-0.242043433880134,0.238467264636362,0.480510698516495,TRUE,FALSE
5,121,-0.244624990720477,0.22335109479207,0.467976085512548,TRUE,FALSE
5,122,-0.230549756560268,0.239660693839698,0.470210450399966,TRUE,FALSE
5,123,-0.247533663089711,0.235345444543985,0.482879107633696,TRUE,FALSE
5,124,-0.253669115794753,0.250750289773955,0.504419405568708,TRUE,FALSE
5,125,-0.244461162971773,0.23229534724068,0.476756510212453,TRUE,FALSE
5,126,-0.25362253662902,0.23118408037601,0.48480661700503,TRUE,FALSE
5,127,-0.23223513069398,0.223037218112729,0.455272348806709,TRUE,FALSE
5,128,-0.247746932255101,0.242881543159804,0.490628475414905,TRUE,FALSE
5,129,-0.23747215972637,0.232450208781162,0.469922368507533,TRUE,FALSE
5,130,-0.237358139378865,0.2294067567475,0.466764896126365,TRUE,FALSE
5,131,-0.247593359790614,0.23507369491754,0.482667054708154,TRUE,FALSE
5,132,-0.241470927929424,0.231960175281128,0.473431103210552,TRUE,FALSE
5,133,-0.252535454702452,0.233314225738737,0.485849680441189,TRUE,FALSE
5,134,-0.236455335979754,0.232406032159509,0.468861368139263,TRUE,FALSE
5,135,-0.251565841491816,0.22584041529618,0.477406256787996,TRUE,FALSE
5,136,-0.249545826630087,0.243859818275794,0.493405644905882,TRUE,FALSE
5,137,-0.253833362602045,0.222004966977571,0.475838329579616,TRUE,FALSE
5,138,-0.230337081663164,0.216378530460289,0.446715612123453,TRUE,FALSE
5,139,-0.232916381818528,0.229704122744838,0.462620504563366,TRUE,FALSE
5,140,-0.218059265127429,0.210980238450665,0.429039503578094,TRUE,FALSE
5,141,-0.251267076725314,0.237266547742494,0.488533624467808,TRUE,FALSE
5,142,-0.251565445291705,0.249322695038964,0.500888140330669,TRUE,FALSE
5,143,-0.244721194145376,0.243282815758629,0.488004009904005,TRUE,FALSE
5,144,-0.240856673118499,0.218604825983494,0.459461499101993,TRUE,FALSE
5,145,-0.232070638024876,0.233983093270829,0.466053731295705,TRUE,FALSE
5,146,-0.233710181640114,0.241425108662913,0.475135290303027,TRUE,FALSE
5,147,-0.239973039561534,0.235735134812193,0.475708174373728,TRUE,FALSE
5,148,-0.242354014469273,0.229938702396609,0.472292716865882,TRUE,FALSE
5,149,-0.241464248353255,0.231146845473643,0.472611093826898,TRUE,FALSE
5,150,-0.236481212402549,0.240508790918403,0.476990003320952,TRUE,FALSE
5,151,-0.233384294738593,0.236380808350953,0.469765103089546,TRUE,FALSE
5,152,-0.234031450978189,0.243958466589266,0.477989917567455,TRUE,FALSE
5,153,-0.243322388737903,0.231130375933909,0.474452764671811,TRUE,FALSE
5,154,-0.247174941351193,0.240014175105251,0.487189116456444,TRUE,FALSE
5,155,-0.239437844139913,0.221985730661275,0.461423574801188,TRUE,FALSE
5,156,-0.242739538922827,0.245520182277597,0.488259721200424,TRUE,FALSE
5,157,-0.235324680816376,0.238220626174997,0.473545306991373,TRUE,FALSE
5,158,-0.24602868002609,0.235714758652226,0.481743438678315,TRUE,FALSE
5,159,-0.23539323611532,0.228734021595096,0.464127257710416,TRUE,FALSE
5,160,-0.248914496632105,0.210030912448273,0.458945409080378,TRUE,FALSE
5,161,-0.235013854383555,0.246547600131415,0.48156145451497,TRUE,FALSE
5,162,-0.244839503188623,0.219861961189054,0.464701464377677,TRUE,FALSE
5,163,-0.229884236444187,0.226340711738007,0.456224948182194,TRUE,FALSE
5,164,-0.240160708849308,0.222025220966087,0.462185929815395,TRUE,FALSE
5,165,-0.221880653661589,0.217847562031276,0.439728215692866,TRUE,FALSE
5,166,-0.218635809495603,0.223022634643773,0.441658444139377,TRUE,FALSE
5,167,-0.250147149066776,0.24420160906256,0.494348758129337,TRUE,FALSE
5,168,-0.255348223173199,0.23624630886542,0.491594532038619,TRUE,FALSE
5,169,-0.241380355705904,0.21252727132551,0.453907627031414,TRUE,FALSE
5,170,-0.248097003865793,0.230558776299694,0.478655780165487,TRUE,FALSE
5,171,-0.248884975366489,0.239699780422301,0.48858475578879,TRUE,FALSE
5,172,-0.257342068340436,0.234638769240954,0.491980837581391,TRUE,FALSE
5,173,-0.237373775629405,0.22863006602765,0.466003841657056,TRUE,FALSE
5,174,-0.242874495593187,0.231523078393455,0.474397573986642,TRUE,FALSE
5,175,-0.251553609652766,0.232106547483177,0.483660157135943,TRUE,FALSE
5,176,-0.221609044348216,0.231199874281592,0.452808918629808,TRUE,FALSE
5,177,-0.236852624542829,0.234892583766857,0.471745208309686,TRUE,FALSE
5,178,-0.224483139729969,0.223769997929583,0.448253137659552,TRUE,FALSE
5,179,-0.224231706833464,0.208964208242971,0.433195915076435,TRUE,FALSE
5,180,-0.248143721063822,0.211919700468542,0.460063421532364,TRUE,FALSE
5,181,-0.255204529448267,0.229149560326908,0.484354089775175,TRUE,FALSE
5,182,-0.24946983307915,0.222826055330076,0.472295888409226,TRUE,FALSE
5,183,-0.231801302693866,0.239378799554125,0.471180102247991,TRUE,FALSE
5,184,-0.256229028232565,0.237071461563928,0.493300489796493,TRUE,FALSE
5,185,-0.240408277745542,0.224419017732404,0.464827295477947,TRUE,FALSE
5,186,-0.223759270544766,0.242841318240781,0.466600588785547,TRUE,FALSE
5,187,-0.228719676314854,0.229456006578616,0.45817568289347,TRUE,FALSE
5,188,-0.246959253058866,0.221474788033835,0.468434041092701,TRUE,FALSE
5,189,-0.236750420857297,0.236428647429816,0.473179068287113,TRUE,FALSE
5,190,-0.238301613777531,0.236846769561713,0.475148383339243,TRUE,FALSE
5,191,-0.234169541618942,0.235318734327276,0.469488275946219,TRUE,FALSE
5,192,-0.215496145768701,0.238354375361283,0.453850521129984,TRUE,FALSE
5,193,-0.243378454792545,0.23205674635769,0.475435201150235,TRUE,FALSE
5,194,-0.252895926626557,0.225880994153077,0.478776920779634,TRUE,FALSE
5,195,-0.233815162812741,0.246351564613634,0.480166727426375,TRUE,FALSE
5,196,-0.237182235971343,0.249126322952507,0.48630855892385,TRUE,FALSE
5,197,-0.229776298975646,0.238448730064249,0.468225029039895,TRUE,FALSE
5,198,-0.250148088529147,0.242398499617124,0.492546588146271,TRUE,FALSE
5,199,-0.242427451143015,0.213721729895359,0.456149181038375,TRUE,FALSE
5,200,-0.241905139759011,0.25660046825934,0.498505608018351,TRUE,FALSE
5,201,-0.231710019045147,0.227241260439098,0.458951279484244,TRUE,FALSE
5,202,-0.23771892934961,0.228221942627347,0.465940871976957,TRUE,FALSE
5,203,-0.240563459156056,0.242147186671779,0.482710645827835,TRUE,FALSE
5,204,-0.238694149751539,0.222448215308159,0.461142365059698,TRUE,FALSE
5,205,-0.25250196367187,0.243887859529908,0.496389823201778,TRUE,FALSE
5,206,-0.217964295720602,0.232672877113957,0.45063717283456,TRUE,FALSE
5,207,-0.251268463351549,0.203241271399925,0.454509734751473,TRUE,FALSE
5,208,-0.240358241410442,0.23082741015852,0.471185651568962,TRUE,FALSE
5,209,-0.242914097194834,0.212983860422452,0.455897957617287,TRUE,FALSE
5,210,-0.237742377648129,0.231832797113434,0.469575174761563,TRUE,FALSE
5,211,-0.233811818669,0.23145833294739,0.465270151616391,TRUE,FALSE
5,212,-0.236034752402884,0.232803352566183,0.468838104969067,TRUE,FALSE
5,213,-0.249709155491621,0.238139467590321,0.487848623081941,TRUE,FALSE
5,214,-0.249767287641835,0.224883021810244,0.474650309452079,TRUE,FALSE
5,215,-0.241540273743223,0.2166214069994,0.458161680742623,TRUE,FALSE
5,216,-0.22710109070884,0.226761945360149,0.453863036068989,TRUE,FALSE
5,217,-0.246970104756794,0.236242893563572,0.483212998320366,TRUE,FALSE
5,218,-0.23922463707248,0.21928909122269,0.45851372829517,TRUE,FALSE
5,219,-0.224330197629174,0.241022659759775,0.465352857388949,TRUE,FALSE
5,220,-0.236691071789256,0.238651014957282,0.475342086746538,TRUE,FALSE
5,221,-0.234917419969109,0.230591334775565,0.465508754744674,TRUE,FALSE
5,222,-0.244375177875921,0.240239754052133,0.484614931928054,TRUE,FALSE
5,223,-0.245123178158543,0.22691077217965,0.472033950338193,TRUE,FALSE
5,224,-0.248626520683934,0.223074622321623,0.471701143005557,TRUE,FALSE
5,225,-0.226328800323643,0.237218144031015,0.463546944354658,TRUE,FALSE
5,226,-0.255727550368067,0.2275390446858,0.483266595053867,TRUE,FALSE
5,227,-0.251634561487281,0.22818897663562,0.479823538122901,TRUE,FALSE
5,228,-0.239031920447407,0.230141709337786,0.469173629785193,TRUE,FALSE
5,229,-0.244041400525898,0.230042588395296,0.474083988921194,TRUE,FALSE
5,230,-0.233867829892208,0.218342726240061,0.45221055613227,TRUE,FALSE
5,231,-0.257858913153613,0.236121143422469,0.493980056576082,TRUE,FALSE
5,232,-0.221757055117099,0.225292506030114,0.447049561147213,TRUE,FALSE
5,233,-0.252391850750046,0.235876571955301,0.488268422705347,TRUE,FALSE
5,234,-0.246243477854489,0.239268114837119,0.485511592691608,TRUE,FALSE
5,235,-0.238694107688902,0.23733962341914,0.476033731108042,TRUE,FALSE
5,236,-0.234028787525474,0.24023782112336,0.474266608648834,TRUE,FALSE
5,237,-0.247015949423237,0.22136001654298,0.468375965966218,TRUE,FALSE
5,238,-0.235782836925974,0.242255240372496,0.47803807729847,TRUE,FALSE
5,239,-0.238594362263908,0.227241967829106,0.465836330093015,TRUE,FALSE
5,240,-0.236064833629955,0.234081646955921,0.470146480585876,TRUE,FALSE
5,241,-0.230326533622136,0.224954569098941,0.455281102721077,TRUE,FALSE
5,242,-0.242399999825527,0.227957579812461,0.470357579637988,TRUE,FALSE
5,243,-0.241602264157022,0.249446761640073,0.491049025797095,TRUE,FALSE
5,244,-0.224387081963408,0.230838581031775,0.455225662995184,TRUE,FALSE
5,245,-0.245487940783386,0.238770802753141,0.484258743536527,TRUE,FALSE
5,246,-0.241754534736994,0.238074868916105,0.479829403653099,TRUE,FALSE
5,247,-0.248641513835484,0.232966028561756,0.481607542397239,TRUE,FALSE
5,248,-0.222308875630526,0.224375644137645,0.446684519768171,TRUE,FALSE
5,249,-0.248353499208769,0.228485912751495,0.476839411960264,TRUE,FALSE
5,250,-0.246435494814812,0.239001713553447,0.485437208368259,TRUE,FALSE
5,251,-0.239100265795324,0.223395973489079,0.462496239284403,TRUE,FALSE
5,252,-0.238307773440413,0.241028033751563,0.479335807191977,TRUE,FALSE
5,253,-0.252449869252777,0.224371456097726,0.476821325350503,TRUE,FALSE
5,254,-0.247063348072489,0.22682438338908,0.473887731461569,TRUE,FALSE
5,255,-0.244373919308177,0.236968164545242,0.481342083853419,TRUE,FALSE
5,256,-0.242386078934379,0.24079709322939,0.483183172163768,TRUE,FALSE
5,257,-0.241840349475873,0.237226606346323,0.479066955822196,TRUE,FALSE
5,258,-0.236672077825059,0.248300547207192,0.484972625032251,TRUE,FALSE
5,259,-0.251906094271332,0.232139829686758,0.48404592395809,TRUE,FALSE
5,260,-0.224931701681049,0.240735096311715,0.465666797992764,TRUE,FALSE
5,261,-0.25087077388607,0.232593695401574,0.483464469287644,TRUE,FALSE
5,262,-0.243146052934323,0.243941423314704,0.487087476249028,TRUE,FALSE
5,263,-0.244993841659681,0.216535796142956,0.461529637802638,TRUE,FALSE
5,264,-0.247711140095058,0.219952486448525,0.467663626543583,TRUE,FALSE
5,265,-0.224101236058554,0.23904620753366,0.463147443592214,TRUE,FALSE
5,266,-0.257033854273271,0.201319361440032,0.458353215713303,TRUE,FALSE
5,267,-0.241106066887127,0.231722015997212,0.472828082884339,TRUE,FALSE
5,268,-0.226783414068792,0.247946419161306,0.474729833230098,TRUE,FALSE
5,269,-0.236148452144877,0.233222935178234,0.469371387323111,TRUE,FALSE
5,270,-0.247273803079227,0.210234544051167,0.457508347130394,TRUE,FALSE
5,271,-0.244458277970855,0.223391897039321,0.467850175010176,TRUE,FALSE
5,272,-0.236614323643416,0.230470772295571,0.467085095938988,TRUE,FALSE
5,273,-0.231543354425214,0.23247047995678,0.464013834381995,TRUE,FALSE
5,274,-0.260715719164589,0.228956863036193,0.489672582200782,TRUE,FALSE
5,275,-0.236036001967009,0.232496324929834,0.468532326896843,TRUE,FALSE
5,276,-0.240148816072025,0.231150024990856,0.471298841062881,TRUE,FALSE
5,277,-0.223410255144183,0.246216062331524,0.469626317475707,TRUE,FALSE
5,278,-0.240864747758612,0.231353153684843,0.472217901443455,TRUE,FALSE
5,279,-0.248708319490851,0.244307281937656,0.493015601428507,TRUE,FALSE
5,280,-0.241006208295345,0.222939888421668,0.463946096717013,TRUE,FALSE
5,281,-0.234082188541624,0.227485407219478,0.461567595761101,TRUE,FALSE
5,282,-0.259063421746204,0.224113675596284,0.483177097342488,TRUE,FALSE
5,283,-0.247757311848803,0.223947003814571,0.471704315663374,TRUE,FALSE
5,284,-0.235173715159651,0.224848073568279,0.46002178872793,TRUE,FALSE
5,285,-0.245673743159654,0.244750058496418,0.490423801656072,TRUE,FALSE
5,286,-0.249278950103316,0.225489635146818,0.474768585250134,TRUE,FALSE
5,287,-0.247841318743202,0.225276978491239,0.473118297234441,TRUE,FALSE
5,288,-0.231046205113538,0.233107742719465,0.464153947833003,TRUE,FALSE
5,289,-0.257206737906735,0.220489732847161,0.477696470753895,TRUE,FALSE
5,290,-0.247798112007362,0.218177787212271,0.465975899219633,TRUE,FALSE
5,291,-0.217765155302475,0.238853619070034,0.45661877437251,TRUE,FALSE
5,292,-0.234299698085349,0.239003386523631,0.47330308460898,TRUE,FALSE
5,293,-0.246516653527686,0.233731038178077,0.480247691705763,TRUE,FALSE
5,294,-0.2355988606912,0.22897566096925,0.46457452166045,TRUE,FALSE
5,295,-0.237928710384694,0.234777934479164,0.472706644863858,TRUE,FALSE
5,296,-0.236792091797137,0.233595181071562,0.470387272868699,TRUE,FALSE
5,297,-0.248109778379415,0.235762475469533,0.483872253848949,TRUE,FALSE
5,298,-0.216776621896735,0.246931511595591,0.463708133492326,TRUE,FALSE
5,299,-0.235185354924653,0.252649064754172,0.487834419678824,TRUE,FALSE
5,300,-0.244416289032626,0.22603704025878,0.470453329291406,TRUE,FALSE
5,301,-0.249407442727183,0.24165602236326,0.491063465090444,TRUE,FALSE
5,302,-0.229466617946711,0.221198342773681,0.450664960720392,TRUE,FALSE
5,303,-0.253550968899737,0.224046046136583,0.47759701503632,TRUE,FALSE
5,304,-0.257377854533829,0.237276910107754,0.494654764641583,TRUE,FALSE
5,305,-0.200893771120182,0.231196421769237,0.432090192889419,TRUE,FALSE
5,306,-0.230385710991521,0.22162867070948,0.452014381701001,TRUE,FALSE
5,307,-0.244298961700113,0.235843837993047,0.48014279969316,TRUE,FALSE
5,308,-0.242103169988923,0.241207306302644,0.483310476291568,TRUE,FALSE
5,309,-0.233535003077991,0.241370478928841,0.474905482006832,TRUE,FALSE
5,310,-0.224390368657783,0.224829926427126,0.449220295084908,TRUE,FALSE
5,311,-0.240578992197005,0.212503306414563,0.453082298611568,TRUE,FALSE
5,312,-0.24574383775364,0.221482466419125,0.467226304172764,TRUE,FALSE
5,313,-0.227844469313619,0.225388104141104,0.453232573454723,TRUE,FALSE
5,314,-0.243674301847701,0.235483190541944,0.479157492389644,TRUE,FALSE
5,315,-0.235520035262187,0.232665536150263,0.46818557141245,TRUE,FALSE
5,316,-0.23640821955054,0.234901005460349,0.471309225010889,TRUE,FALSE
5,317,-0.255155067790592,0.23840350351719,0.493558571307782,TRUE,FALSE
5,318,-0.241686915781147,0.232769653866528,0.474456569647674,TRUE,FALSE
5,319,-0.248224234180481,0.225795491797836,0.474019725978317,TRUE,FALSE
5,320,-0.218013782141524,0.24214368085464,0.460157462996165,TRUE,FALSE
5,321,-0.216805353628248,0.226107946042711,0.442913299670959,TRUE,FALSE
5,322,-0.233905497225183,0.224738176186256,0.458643673411439,TRUE,FALSE
5,323,-0.244371388204848,0.239879432473325,0.484250820678173,TRUE,FALSE
5,324,-0.253496345386931,0.233040469627574,0.486536815014505,TRUE,FALSE
5,325,-0.237532164646089,0.235138979338745,0.472671143984834,TRUE,FALSE
5,326,-0.247507465284368,0.22937648419316,0.476883949477528,TRUE,FALSE
5,327,-0.215777402561267,0.239474566040268,0.455251968601535,TRUE,FALSE
5,328,-0.240980186311852,0.223160778866316,0.464140965178168,TRUE,FALSE
5,329,-0.24070325374373,0.222352789057199,0.463056042800929,TRUE,FALSE
5,330,-0.244608324029782,0.215657632062664,0.460265956092445,TRUE,FALSE
5,331,-0.239757359013819,0.231305562314546,0.471062921328365,TRUE,FALSE
5,332,-0.257711498403145,0.241955045604952,0.499666544008097,TRUE,FALSE
5,333,-0.230063621036944,0.238467509655127,0.468531130692071,TRUE,FALSE
5,334,-0.256980396114551,0.214975911663996,0.471956307778547,TRUE,FALSE
5,335,-0.218896415742765,0.234588551543603,0.453484967286368,TRUE,FALSE
5,336,-0.250310569895202,0.234424709112203,0.484735279007405,TRUE,FALSE
5,337,-0.250288752761373,0.240697975708837,0.490986728470211,TRUE,FALSE
5,338,-0.237523913868603,0.240013337654334,0.477537251522937,TRUE,FALSE
5,339,-0.228935663229794,0.23980428214101,0.468739945370804,TRUE,FALSE
5,340,-0.239005888248553,0.223450889928916,0.462456778177469,TRUE,FALSE
5,341,-0.230057867821392,0.226014807385279,0.456072675206671,TRUE,FALSE
5,342,-0.2403721336108,0.227898426258486,0.468270559869285,TRUE,FALSE
5,343,-0.22091165732063,0.242893402096523,0.463805059417153,TRUE,FALSE
5,344,-0.232604270397962,0.237405303101217,0.47000957349918,TRUE,FALSE
5,345,-0.238424555063151,0.211760268507387,0.450184823570539,TRUE,FALSE
5,346,-0.217423668172608,0.22436147567193,0.441785143844538,TRUE,FALSE
5,347,-0.248360765170564,0.252683575217032,0.501044340387596,TRUE,FALSE
5,348,-0.247576533999105,0.211582329384933,0.459158863384038,TRUE,FALSE
5,349,-0.26263888058787,0.243342603081254,0.505981483669124,TRUE,FALSE
5,350,-0.254101282383625,0.226990539187761,0.481091821571386,TRUE,FALSE
5,351,-0.226616527850767,0.237998357186305,0.464614885037072,TRUE,FALSE
5,352,-0.245338472052591,0.210263880956023,0.455602353008614,TRUE,FALSE
5,353,-0.239643042532393,0.241473117869898,0.481116160402291,TRUE,FALSE
5,354,-0.229248288217807,0.241117231195151,0.470365519412958,TRUE,FALSE
5,355,-0.23564647045622,0.235402355829547,0.471048826285768,TRUE,FALSE
5,356,-0.2434094738314,0.23711124623352,0.480520720064919,TRUE,FALSE
5,357,-0.249943292026949,0.244107996663111,0.49405128869006,TRUE,FALSE
5,358,-0.248864154597445,0.241876662695956,0.4907408172934,TRUE,FALSE
5,359,-0.244698509695501,0.236880002735392,0.481578512430893,TRUE,FALSE
5,360,-0.238852555354252,0.208889915612063,0.447742470966315,TRUE,FALSE
5,361,-0.230703956854514,0.243640512688359,0.474344469542872,TRUE,FALSE
5,362,-0.255240266263975,0.229075696602253,0.484315962866228,TRUE,FALSE
5,363,-0.25144266345178,0.227387055936615,0.478829719388394,TRUE,FALSE
5,364,-0.244097637682293,0.206934903659235,0.451032541341528,TRUE,FALSE
5,365,-0.222656113020993,0.210024343678911,0.432680456699904,TRUE,FALSE
5,366,-0.257786591835947,0.228972782528345,0.486759374364291,TRUE,FALSE
5,367,-0.241837069047985,0.232484700396105,0.474321769444089,TRUE,FALSE
5,368,-0.228126974859379,0.245887829775222,0.474014804634601,TRUE,FALSE
5,369,-0.238733847827453,0.220418533022276,0.459152380849728,TRUE,FALSE
5,370,-0.240832149550013,0.238258819768139,0.479090969318151,TRUE,FALSE
5,371,-0.255283762194961,0.238813877159242,0.494097639354203,TRUE,FALSE
5,372,-0.249150201268667,0.211428134185975,0.460578335454642,TRUE,FALSE
5,373,-0.245435296998271,0.211905479904802,0.457340776903073,TRUE,FALSE
5,374,-0.226982342557834,0.2319487697641,0.458931112321934,TRUE,FALSE
5,375,-0.222674690671994,0.225186888774155,0.447861579446149,TRUE,FALSE
5,376,-0.250279156945171,0.243244161596343,0.493523318541514,TRUE,FALSE
5,377,-0.23229029805527,0.230630152088648,0.462920450143918,TRUE,FALSE
5,378,-0.213763612165865,0.23424328753269,0.448006899698555,TRUE,FALSE
5,379,-0.247191029637471,0.247148559879579,0.49433958951705,TRUE,FALSE
5,380,-0.25483113403656,0.208739926668234,0.463571060704794,TRUE,FALSE
5,381,-0.228200550521708,0.232384138373979,0.460584688895687,TRUE,FALSE
5,382,-0.24590852150693,0.217095357360072,0.463003878867002,TRUE,FALSE
5,383,-0.232706256372692,0.251282576250098,0.48398883262279,TRUE,FALSE
5,384,-0.242831842380215,0.230437303181834,0.473269145562049,TRUE,FALSE
5,385,-0.251958490615137,0.238031820285913,0.48999031090105,TRUE,FALSE
5,386,-0.230437603493929,0.222882989720201,0.45332059321413,TRUE,FALSE
5,387,-0.245612261372016,0.225674565494253,0.47128682686627,TRUE,FALSE
5,388,-0.219448121732516,0.23112301553544,0.450571137267955,TRUE,FALSE
5,389,-0.233875869011157,0.233277487682667,0.467153356693824,TRUE,FALSE
5,390,-0.220538869386989,0.234066156063732,0.454605025450721,TRUE,FALSE
5,391,-0.252922288204645,0.236041286214637,0.488963574419282,TRUE,FALSE
5,392,-0.216406705074856,0.258405882251314,0.47481258732617,TRUE,FALSE
5,393,-0.245239283263831,0.237304155210697,0.482543438474528,TRUE,FALSE
5,394,-0.217153299047674,0.231379594589546,0.44853289363722,TRUE,FALSE
5,395,-0.245667414685935,0.234100607082784,0.479768021768719,TRUE,FALSE
5,396,-0.240421095736873,0.246662882706481,0.487083978443353,TRUE,FALSE
5,397,-0.231601665861845,0.23804399531248,0.469645661174325,TRUE,FALSE
5,398,-0.231412286173465,0.210800457948952,0.442212744122417,TRUE,FALSE
5,399,-0.23777957728038,0.237146017183586,0.474925594463966,TRUE,FALSE
5,400,-0.2234526313784,0.232495264129759,0.455947895508159,TRUE,FALSE
5,401,-0.229651764854168,0.232706904657551,0.462358669511719,TRUE,FALSE
5,402,-0.244653756904627,0.231187801416131,0.475841558320757,TRUE,FALSE
5,403,-0.252141849163831,0.254081961411576,0.506223810575407,TRUE,FALSE
5,404,-0.247373471897348,0.231431163917236,0.478804635814583,TRUE,FALSE
5,405,-0.239413275809881,0.251797961326599,0.49121123713648,TRUE,FALSE
5,406,-0.218170689348452,0.243707586618246,0.461878275966698,TRUE,FALSE
5,407,-0.249872957620565,0.222634722470128,0.472507680090693,TRUE,FALSE
5,408,-0.237490670347079,0.230904669541498,0.468395339888577,TRUE,FALSE
5,409,-0.236000946318153,0.245603026049431,0.481603972367584,TRUE,FALSE
5,410,-0.241269180022107,0.231181522655082,0.472450702677188,TRUE,FALSE
5,411,-0.221782288176288,0.229346572583694,0.451128860759982,TRUE,FALSE
5,412,-0.234225225726585,0.240315668834113,0.474540894560698,TRUE,FALSE
5,413,-0.240426919323903,0.223998016799705,0.464424936123608,TRUE,FALSE
5,414,-0.236826201317579,0.252551457425773,0.489377658743351,TRUE,FALSE
5,415,-0.241151649566209,0.25212886696838,0.493280516534588,TRUE,FALSE
5,416,-0.251578071717781,0.242706653325353,0.494284725043134,TRUE,FALSE
5,417,-0.247017214674124,0.229087981711512,0.476105196385636,TRUE,FALSE
5,418,-0.238410331382701,0.23243940558559,0.470849736968291,TRUE,FALSE
5,419,-0.253926483709541,0.233675263439204,0.487601747148744,TRUE,FALSE
5,420,-0.243426493062594,0.238517869629457,0.481944362692051,TRUE,FALSE
5,421,-0.256757745729372,0.211323787001309,0.468081532730681,TRUE,FALSE
5,422,-0.246311080012753,0.246235888559533,0.492546968572286,TRUE,FALSE
5,423,-0.235632334622572,0.236629934753562,0.472262269376134,TRUE,FALSE
5,424,-0.232541298720051,0.239513085397214,0.472054384117265,TRUE,FALSE
5,425,-0.249080818959798,0.22447891658533,0.473559735545128,TRUE,FALSE
5,426,-0.232523830324677,0.244915494696505,0.477439325021181,TRUE,FALSE
5,427,-0.226404447490394,0.21408324163389,0.440487689124284,TRUE,FALSE
5,428,-0.222194300293335,0.242902446552393,0.465096746845728,TRUE,FALSE
5,429,-0.2396910142526,0.210900872436206,0.450591886688806,TRUE,FALSE
5,430,-0.229508052940553,0.232699066958596,0.46220711989915,TRUE,FALSE
5,431,-0.231643939248212,0.236683545777383,0.468327485025595,TRUE,FALSE
5,432,-0.233372773458741,0.222080163387506,0.455452936846247,TRUE,FALSE
5,433,-0.245430082641617,0.226145371132228,0.471575453773844,TRUE,FALSE
5,434,-0.236796904070018,0.233806386277426,0.470603290347444,TRUE,FALSE
5,435,-0.215307725650859,0.230378668182258,0.445686393833118,TRUE,FALSE
5,436,-0.246247512994864,0.227247244723613,0.473494757718477,TRUE,FALSE
5,437,-0.244946087049285,0.221048133240777,0.465994220290063,TRUE,FALSE
5,438,-0.249961290695485,0.240929611431817,0.490890902127302,TRUE,FALSE
5,439,-0.233836372538428,0.23856078196363,0.472397154502057,TRUE,FALSE
5,440,-0.238988236188907,0.239348556985197,0.478336793174104,TRUE,FALSE
5,441,-0.245343257239832,0.235937771350807,0.481281028590639,TRUE,FALSE
5,442,-0.218109785176876,0.245663513888444,0.46377329906532,TRUE,FALSE
5,443,-0.25282608362893,0.240904881901256,0.493730965530186,TRUE,FALSE
5,444,-0.244213550077276,0.249529196420913,0.493742746498189,TRUE,FALSE
5,445,-0.244674235195063,0.2134853665006,0.458159601695663,TRUE,FALSE
5,446,-0.239033125515567,0.246087075510723,0.48512020102629,TRUE,FALSE
5,447,-0.229072680585823,0.241849445763265,0.470922126349088,TRUE,FALSE
5,448,-0.24524243578202,0.230795458619358,0.476037894401378,TRUE,FALSE
5,449,-0.235099939346435,0.221885408585816,0.456985347932251,TRUE,FALSE
5,450,-0.236099339756309,0.24354723305208,0.479646572808389,TRUE,FALSE
5,451,-0.23586799491242,0.217949637460519,0.453817632372939,TRUE,FALSE
5,452,-0.23859768313565,0.231193058511169,0.469790741646819,TRUE,FALSE
5,453,-0.24692445351622,0.231542020352098,0.478466473868318,TRUE,FALSE
5,454,-0.247175493830327,0.237369010954621,0.484544504784948,TRUE,FALSE
5,455,-0.243617202903068,0.231843848381865,0.475461051284933,TRUE,FALSE
5,456,-0.261696853793154,0.247686880990653,0.509383734783806,TRUE,FALSE
5,457,-0.243761155815496,0.221936612960273,0.465697768775769,TRUE,FALSE
5,458,-0.236434213848948,0.232725515240387,0.469159729089335,TRUE,FALSE
5,459,-0.229303479581342,0.234664292313055,0.463967771894397,TRUE,FALSE
5,460,-0.241498762773606,0.21317617538917,0.454674938162775,TRUE,FALSE
5,461,-0.237004723451194,0.237177160818207,0.474181884269401,TRUE,FALSE
5,462,-0.256127056670263,0.247247991659275,0.503375048329538,TRUE,FALSE
5,463,-0.235883393898518,0.211574358321742,0.447457752220259,TRUE,FALSE
5,464,-0.247607658085109,0.244984730609363,0.492592388694472,TRUE,FALSE
5,465,-0.251082879744139,0.225366506407026,0.476449386151165,TRUE,FALSE
5,466,-0.238782345184339,0.20675601262052,0.445538357804859,TRUE,FALSE
5,467,-0.248203926573745,0.2245812143391,0.472785140912846,TRUE,FALSE
5,468,-0.230949830399997,0.223322660495251,0.454272490895247,TRUE,FALSE
5,469,-0.239707372291357,0.213795280110374,0.453502652401731,TRUE,FALSE
5,470,-0.242700201157074,0.23263349145119,0.475333692608264,TRUE,FALSE
5,471,-0.238340170062706,0.236285337976395,0.474625508039101,TRUE,FALSE
5,472,-0.23650512055058,0.242139280620601,0.478644401171181,TRUE,FALSE
5,473,-0.224606242511476,0.239604237317148,0.464210479828625,TRUE,FALSE
5,474,-0.244284843494503,0.229438031786186,0.473722875280688,TRUE,FALSE
5,475,-0.248296898823703,0.23690227232699,0.485199171150693,TRUE,FALSE
5,476,-0.249848260606384,0.23781718282359,0.487665443429974,TRUE,FALSE
5,477,-0.251747833373259,0.239583421646505,0.491331255019764,TRUE,FALSE
5,478,-0.235000320571713,0.247748419870061,0.482748740441774,TRUE,FALSE
5,479,-0.235267680532154,0.234113129201217,0.469380809733371,TRUE,FALSE
5,480,-0.241946357241247,0.241626211036526,0.483572568277773,TRUE,FALSE
5,481,-0.238903100064335,0.2234509532674,0.462354053331735,TRUE,FALSE
5,482,-0.256244485717568,0.234509964594719,0.490754450312287,TRUE,FALSE
5,483,-0.228304192300967,0.233072660926684,0.461376853227651,TRUE,FALSE
5,484,-0.235903166482784,0.240103855268917,0.476007021751701,TRUE,FALSE
5,485,-0.239304152457411,0.234761153066515,0.474065305523926,TRUE,FALSE
5,486,-0.245323994694773,0.220805328628616,0.466129323323389,TRUE,FALSE
5,487,-0.243818436755581,0.23202036470481,0.475838801460391,TRUE,FALSE
5,488,-0.23397154397837,0.213482479041138,0.447454023019508,TRUE,FALSE
5,489,-0.237099487512491,0.228036979415523,0.465136466928014,TRUE,FALSE
5,490,-0.222764639185383,0.226492068002588,0.449256707187971,TRUE,FALSE
5,491,-0.254783468271661,0.233719628255153,0.488503096526814,TRUE,FALSE
5,492,-0.232888790699637,0.22196398705798,0.454852777757617,TRUE,FALSE
5,493,-0.25140736131297,0.223627339440159,0.475034700753129,TRUE,FALSE
5,494,-0.257682235448924,0.244460120193831,0.502142355642755,TRUE,FALSE
5,495,-0.242579846799008,0.232703366492491,0.475283213291499,TRUE,FALSE
5,496,-0.241367881477186,0.224663516582603,0.46603139805979,TRUE,FALSE
5,497,-0.233648369104154,0.238061579615427,0.471709948719581,TRUE,FALSE
5,498,-0.233237146234431,0.249148824595419,0.482385970829849,TRUE,FALSE
5,499,-0.23838176148795,0.226984456690668,0.465366218178618,TRUE,FALSE
5,500,-0.235573604582554,0.236515747240252,0.472089351822806,TRUE,FALSE
5,501,-0.233212939240665,0.217340582130312,0.450553521370978,TRUE,FALSE
5,502,-0.210276648247739,0.228079149582795,0.438355797830534,TRUE,FALSE
5,503,-0.240451925088085,0.2231490390374,0.463600964125485,TRUE,FALSE
5,504,-0.229057096351276,0.239857473140844,0.468914569492121,TRUE,FALSE
5,505,-0.251200346744702,0.226871678535606,0.478072025280309,TRUE,FALSE
5,506,-0.258895814586477,0.226978133679138,0.485873948265615,TRUE,FALSE
5,507,-0.230678696200319,0.215058459608946,0.445737155809265,TRUE,FALSE
5,508,-0.251518929105451,0.233641557819749,0.4851604869252,TRUE,FALSE
5,509,-0.253337878869019,0.231290021083597,0.484627899952616,TRUE,FALSE
5,510,-0.234285220709543,0.236864893014261,0.471150113723804,TRUE,FALSE
5,511,-0.240323407953996,0.244373506585664,0.48469691453966,TRUE,FALSE
5,512,-0.237953145326161,0.224601025928055,0.462554171254216,TRUE,FALSE
5,513,-0.238597996435477,0.244668854115234,0.483266850550711,TRUE,FALSE
5,514,-0.241450862503705,0.243993439665955,0.485444302169661,TRUE,FALSE
5,515,-0.226368575158865,0.243130577518381,0.469499152677246,TRUE,FALSE
5,516,-0.235634122479427,0.233834563425087,0.469468685904514,TRUE,FALSE
5,517,-0.230216184418057,0.231422638519001,0.461638822937058,TRUE,FALSE
5,518,-0.247088913509328,0.230481490856116,0.477570404365443,TRUE,FALSE
5,519,-0.241638638581576,0.23082831335049,0.472466951932066,TRUE,FALSE
5,520,-0.226052112469384,0.211319919829426,0.43737203229881,TRUE,FALSE
5,521,-0.237507124344212,0.221197765202081,0.458704889546293,TRUE,FALSE
5,522,-0.226209084815937,0.236144714944097,0.462353799760033,TRUE,FALSE
5,523,-0.21632752351439,0.213967602756467,0.430295126270857,TRUE,FALSE
5,524,-0.250585673874271,0.228581062423311,0.479166736297582,TRUE,FALSE
5,525,-0.242744223159,0.216106175375021,0.458850398534021,TRUE,FALSE
5,526,-0.249571068558971,0.211984605458576,0.461555674017547,TRUE,FALSE
5,527,-0.245413495567977,0.236856373053152,0.482269868621129,TRUE,FALSE
5,528,-0.238925784869169,0.239946749545897,0.478872534415067,TRUE,FALSE
5,529,-0.253606895883831,0.22634518599028,0.479952081874112,TRUE,FALSE
5,530,-0.237820458310446,0.235373561610268,0.473194019920715,TRUE,FALSE
5,531,-0.241101635474059,0.215971675922275,0.457073311396333,TRUE,FALSE
5,532,-0.25018647538883,0.210131660343556,0.460318135732387,TRUE,FALSE
5,533,-0.254023616312664,0.231774479311705,0.485798095624368,TRUE,FALSE
5,534,-0.225470651954784,0.230935298980495,0.456405950935279,TRUE,FALSE
5,535,-0.233799720194514,0.214080247365164,0.447879967559679,TRUE,FALSE
5,536,-0.243548274350003,0.21864635915597,0.462194633505973,TRUE,FALSE
5,537,-0.254607209296,0.231708973821169,0.486316183117169,TRUE,FALSE
5,538,-0.23747096797653,0.231287015869972,0.468757983846502,TRUE,FALSE
5,539,-0.240614319152734,0.230514715712792,0.471129034865526,TRUE,FALSE
5,540,-0.247451475226482,0.237522924791836,0.484974400018318,TRUE,FALSE
5,541,-0.21478584479669,0.228477756025305,0.443263600821995,TRUE,FALSE
5,542,-0.253543538438758,0.21881715565292,0.472360694091679,TRUE,FALSE
5,543,-0.225531444427088,0.229516796306756,0.455048240733844,TRUE,FALSE
5,544,-0.235714912953408,0.231405123056658,0.467120036010066,TRUE,FALSE
5,545,-0.222762964627194,0.233011091065014,0.455774055692209,TRUE,FALSE
5,546,-0.232625722596558,0.238759435298517,0.471385157895075,TRUE,FALSE
5,547,-0.23491986821736,0.239072267274157,0.473992135491517,TRUE,FALSE
5,548,-0.235634242144831,0.237570520224651,0.473204762369483,TRUE,FALSE
5,549,-0.24630876284922,0.24643709632026,0.49274585916948,TRUE,FALSE
5,550,-0.242897343943578,0.236035088602274,0.478932432545852,TRUE,FALSE
5,551,-0.25193507182261,0.245375801447126,0.497310873269736,TRUE,FALSE
5,552,-0.256383758774854,0.242264044999282,0.498647803774136,TRUE,FALSE
5,553,-0.245625036799327,0.242239931064119,0.487864967863446,TRUE,FALSE
5,554,-0.251445449801865,0.227010329514723,0.478455779316588,TRUE,FALSE
5,555,-0.219211307832992,0.225884557192823,0.445095865025816,TRUE,FALSE
5,556,-0.249801416589761,0.213767377460102,0.463568794049863,TRUE,FALSE
5,557,-0.242383531444727,0.22388428324515,0.466267814689877,TRUE,FALSE
5,558,-0.250149445646063,0.221922696312663,0.472072141958727,TRUE,FALSE
5,559,-0.24933815283541,0.235429177266799,0.484767330102209,TRUE,FALSE
5,560,-0.24559878240373,0.211871435647582,0.457470218051312,TRUE,FALSE
5,561,-0.245035159062913,0.236820548250786,0.481855707313699,TRUE,FALSE
5,562,-0.237959080188043,0.239531762797632,0.477490842985675,TRUE,FALSE
5,563,-0.225345243545827,0.232043939908247,0.457389183454074,TRUE,FALSE
5,564,-0.252043897563888,0.2194307572116,0.471474654775488,TRUE,FALSE
5,565,-0.245232853008295,0.233902978105153,0.479135831113448,TRUE,FALSE
5,566,-0.219356897332978,0.222314360726494,0.441671258059472,TRUE,FALSE
5,567,-0.237440137024049,0.236612188661871,0.47405232568592,TRUE,FALSE
5,568,-0.254597388281591,0.223709105513532,0.478306493795123,TRUE,FALSE
5,569,-0.251657297736941,0.230032780452718,0.481690078189659,TRUE,FALSE
5,570,-0.243010034400533,0.227056637517906,0.470066671918439,TRUE,FALSE
5,571,-0.260601659894316,0.243542473697252,0.504144133591567,TRUE,FALSE
5,572,-0.235223040361485,0.21012210717914,0.445345147540625,TRUE,FALSE
5,573,-0.226212609426872,0.250055617228864,0.476268226655736,TRUE,FALSE
5,574,-0.252631065061259,0.233759743470466,0.486390808531725,TRUE,FALSE
5,575,-0.223865048239414,0.219650674745469,0.443515722984883,TRUE,FALSE
5,576,-0.234169586819233,0.241146507312175,0.475316094131409,TRUE,FALSE
5,577,-0.255055423805751,0.220246282474635,0.475301706280386,TRUE,FALSE
5,578,-0.244973295047454,0.238142453920411,0.483115748967866,TRUE,FALSE
5,579,-0.221838598267253,0.233264125747199,0.455102724014452,TRUE,FALSE
5,580,-0.238929066353651,0.229132253155422,0.468061319509073,TRUE,FALSE
5,581,-0.245601129661538,0.22396361061535,0.469564740276889,TRUE,FALSE
5,582,-0.25094131376583,0.230158405363405,0.481099719129234,TRUE,FALSE
5,583,-0.250437639474523,0.222788998322962,0.473226637797485,TRUE,FALSE
5,584,-0.23519068755889,0.227493191383324,0.462683878942214,TRUE,FALSE
5,585,-0.265706431224788,0.217745870183888,0.483452301408675,TRUE,FALSE
5,586,-0.239457845870964,0.2329809927742,0.472438838645164,TRUE,FALSE
5,587,-0.245159545455163,0.214030674432841,0.459190219888004,TRUE,FALSE
5,588,-0.234133495464468,0.228702848016757,0.462836343481225,TRUE,FALSE
5,589,-0.216091576520001,0.228943096091245,0.445034672611246,TRUE,FALSE
5,590,-0.235600675845275,0.238321038728413,0.473921714573688,TRUE,FALSE
5,591,-0.222665343822825,0.231547056188273,0.454212400011097,TRUE,FALSE
5,592,-0.238586269505772,0.213497681839463,0.452083951345235,TRUE,FALSE
5,593,-0.233796352876676,0.247277016974308,0.481073369850984,TRUE,FALSE
5,594,-0.243894376087745,0.237215568202128,0.481109944289873,TRUE,FALSE
5,595,-0.231809133031259,0.239588918481229,0.471398051512488,TRUE,FALSE
5,596,-0.237143405642023,0.229061586857477,0.4662049924995,TRUE,FALSE
5,597,-0.255059935585084,0.233067307724798,0.488127243309882,TRUE,FALSE
5,598,-0.231099275187702,0.225203740109695,0.456303015297397,TRUE,FALSE
5,599,-0.23394826936206,0.234483230515406,0.468431499877466,TRUE,FALSE
5,600,-0.242527827706619,0.210450682017588,0.452978509724208,TRUE,FALSE
5,601,-0.255280909922778,0.241960934080109,0.497241844002887,TRUE,FALSE
5,602,-0.252502337817025,0.221196506353086,0.473698844170111,TRUE,FALSE
5,603,-0.217301773250279,0.238123786805878,0.455425560056158,TRUE,FALSE
5,604,-0.235084830709842,0.220456155558367,0.455540986268209,TRUE,FALSE
5,605,-0.246284471194083,0.212398822236205,0.458683293430288,TRUE,FALSE
5,606,-0.230358527791478,0.221957291024118,0.452315818815596,TRUE,FALSE
5,607,-0.234315814683312,0.241306309317518,0.47562212400083,TRUE,FALSE
5,608,-0.234625183728952,0.212749871980135,0.447375055709088,TRUE,FALSE
5,609,-0.232140172634397,0.234559892174644,0.46670006480904,TRUE,FALSE
5,610,-0.244194472372113,0.209331049911505,0.453525522283619,TRUE,FALSE
5,611,-0.23096961744647,0.245043508343093,0.476013125789563,TRUE,FALSE
5,612,-0.241527119915816,0.219188715697057,0.460715835612873,TRUE,FALSE
5,613,-0.233909025601064,0.246885797364055,0.480794822965119,TRUE,FALSE
5,614,-0.251838376026414,0.24516242649212,0.497000802518533,TRUE,FALSE
5,615,-0.229932318624017,0.245987404586042,0.475919723210059,TRUE,FALSE
5,616,-0.223046967658794,0.224607642272553,0.447654609931348,TRUE,FALSE
5,617,-0.243001387572262,0.225105460776262,0.468106848348524,TRUE,FALSE
5,618,-0.228008066452039,0.238163344434453,0.466171410886492,TRUE,FALSE
5,619,-0.248594661913635,0.234921274071935,0.48351593598557,TRUE,FALSE
5,620,-0.237092697397023,0.223362648596682,0.460455345993706,TRUE,FALSE
5,621,-0.228102977676358,0.250957414900189,0.479060392576547,TRUE,FALSE
5,622,-0.260191867728189,0.212131598766423,0.472323466494612,TRUE,FALSE
5,623,-0.243920175791626,0.232635590413621,0.476555766205247,TRUE,FALSE
5,624,-0.242181587106657,0.241892332377896,0.484073919484552,TRUE,FALSE
5,625,-0.237274597181907,0.224065663162537,0.461340260344444,TRUE,FALSE
5,626,-0.248185497889697,0.236792387904953,0.48497788579465,TRUE,FALSE
5,627,-0.235001279178005,0.239509426923337,0.474510706101342,TRUE,FALSE
5,628,-0.238365267254465,0.254066245230617,0.492431512485082,TRUE,FALSE
5,629,-0.250625207339068,0.227921525829962,0.47854673316903,TRUE,FALSE
5,630,-0.232379403224372,0.247594342148755,0.479973745373127,TRUE,FALSE
5,631,-0.234968160884155,0.243156291339345,0.478124452223501,TRUE,FALSE
5,632,-0.243808239051955,0.229338393315567,0.473146632367521,TRUE,FALSE
5,633,-0.236066981427907,0.236725232253224,0.47279221368113,TRUE,FALSE
5,634,-0.237664592285234,0.244579431392371,0.482244023677605,TRUE,FALSE
5,635,-0.235426320118092,0.230151807420854,0.465578127538946,TRUE,FALSE
5,636,-0.237117120516507,0.235844613994637,0.472961734511144,TRUE,FALSE
5,637,-0.238658915830259,0.226309638807359,0.464968554637618,TRUE,FALSE
5,638,-0.23814863307105,0.237136767376493,0.475285400447542,TRUE,FALSE
5,639,-0.230513233763013,0.244943192342236,0.475456426105249,TRUE,FALSE
5,640,-0.222307013973978,0.23728368225488,0.459590696228858,TRUE,FALSE
5,641,-0.238147873398971,0.215772759004215,0.453920632403185,TRUE,FALSE
5,642,-0.249530774452198,0.202086845291434,0.451617619743632,TRUE,FALSE
5,643,-0.244838410712949,0.235735526792548,0.480573937505497,TRUE,FALSE
5,644,-0.244506576331735,0.235918631669431,0.480425208001166,TRUE,FALSE
5,645,-0.237076209862378,0.227130768406671,0.46420697826905,TRUE,FALSE
5,646,-0.233533661734445,0.223681834663756,0.457215496398201,TRUE,FALSE
5,647,-0.238502632776135,0.224405330461402,0.462907963237537,TRUE,FALSE
5,648,-0.225166099643874,0.233175777622949,0.458341877266823,TRUE,FALSE
5,649,-0.246961834727773,0.248945655683252,0.495907490411025,TRUE,FALSE
5,650,-0.257317946666579,0.230993395933258,0.488311342599837,TRUE,FALSE
5,651,-0.242622028976073,0.221594027348661,0.464216056324734,TRUE,FALSE
5,652,-0.244980624454185,0.235011239486202,0.479991863940387,TRUE,FALSE
5,653,-0.245292245785458,0.212812084832893,0.458104330618351,TRUE,FALSE
5,654,-0.222753750422068,0.223675115161189,0.446428865583257,TRUE,FALSE
5,655,-0.234452908699599,0.242236240991513,0.476689149691113,TRUE,FALSE
5,656,-0.247769067620446,0.248310405981558,0.496079473602005,TRUE,FALSE
5,657,-0.246153402283721,0.238724868894706,0.484878271178427,TRUE,FALSE
5,658,-0.243892461694408,0.209249796090146,0.453142257784553,TRUE,FALSE
5,659,-0.248480526647202,0.229964167492185,0.478444694139387,TRUE,FALSE
5,660,-0.247443393395102,0.236749586863634,0.484192980258736,TRUE,FALSE
5,661,-0.243074950582709,0.2314589750225,0.474533925605209,TRUE,FALSE
5,662,-0.23669400146548,0.23665563947102,0.4733496409365,TRUE,FALSE
5,663,-0.257365148739728,0.2417064167341,0.499071565473828,TRUE,FALSE
5,664,-0.232747915115341,0.230658156861806,0.463406071977146,TRUE,FALSE
5,665,-0.247885043103613,0.228325143146128,0.476210186249741,TRUE,FALSE
5,666,-0.248423476874032,0.244533101070005,0.492956577944037,TRUE,FALSE
5,667,-0.249621407032936,0.239633920130752,0.489255327163688,TRUE,FALSE
5,668,-0.250254791887583,0.2205528922018,0.470807684089383,TRUE,FALSE
5,669,-0.25260243646271,0.211421698563113,0.464024135025823,TRUE,FALSE
5,670,-0.217342004140022,0.223384307990009,0.44072631213003,TRUE,FALSE
5,671,-0.2423695217186,0.231663274795919,0.474032796514519,TRUE,FALSE
5,672,-0.231326720114572,0.218625845265058,0.44995256537963,TRUE,FALSE
5,673,-0.228284834010261,0.236744898858844,0.465029732869105,TRUE,FALSE
5,674,-0.248494308630124,0.239029829769604,0.487524138399728,TRUE,FALSE
5,675,-0.240454608897487,0.220944089567244,0.461398698464731,TRUE,FALSE
5,676,-0.243921285024137,0.235205240694778,0.479126525718914,TRUE,FALSE
5,677,-0.236723058897302,0.23138189650251,0.468104955399812,TRUE,FALSE
5,678,-0.233354736421647,0.192500391453998,0.425855127875645,TRUE,FALSE
5,679,-0.246139788648946,0.236313588459651,0.482453377108598,TRUE,FALSE
5,680,-0.241576306353885,0.207360782949429,0.448937089303314,TRUE,FALSE
5,681,-0.246932496101332,0.23547105221681,0.482403548318142,TRUE,FALSE
5,682,-0.246545541513913,0.228315165501332,0.474860707015245,TRUE,FALSE
5,683,-0.239255883813166,0.234039936425619,0.473295820238784,TRUE,FALSE
5,684,-0.248415314600201,0.226374183610365,0.474789498210566,TRUE,FALSE
5,685,-0.24495766520666,0.22813056047874,0.4730882256854,TRUE,FALSE
5,686,-0.252532687915318,0.247299934975888,0.499832622891206,TRUE,FALSE
5,687,-0.248067610460657,0.243459929690835,0.491527540151492,TRUE,FALSE
5,688,-0.253073911178195,0.241801652497199,0.494875563675394,TRUE,FALSE
5,689,-0.222799031241127,0.229427339459738,0.452226370700865,TRUE,FALSE
5,690,-0.246139786029179,0.220090852594495,0.466230638623674,TRUE,FALSE
5,691,-0.238456490421038,0.235913780936511,0.474370271357549,TRUE,FALSE
5,692,-0.231849504871383,0.23237442013011,0.464223925001493,TRUE,FALSE
5,693,-0.242750797569074,0.214067925471564,0.456818723040638,TRUE,FALSE
5,694,-0.24202197413984,0.222522583630922,0.464544557770762,TRUE,FALSE
5,695,-0.258124986408062,0.241883904022639,0.500008890430702,TRUE,FALSE
5,696,-0.2449830251471,0.225979994464341,0.470963019611441,TRUE,FALSE
5,697,-0.2556922546603,0.231163738297576,0.486855992957877,TRUE,FALSE
5,698,-0.232674229246531,0.23183515289781,0.464509382144341,TRUE,FALSE
5,699,-0.252299374141335,0.240087148699129,0.492386522840464,TRUE,FALSE
5,700,-0.240132721515831,0.207994678311609,0.448127399827439,TRUE,FALSE
5,701,-0.221038860185488,0.228334957102797,0.449373817288285,TRUE,FALSE
5,702,-0.233798698219914,0.229950680095287,0.4637493783152,TRUE,FALSE
5,703,-0.256945939012093,0.219623857512396,0.476569796524489,TRUE,FALSE
5,704,-0.242542493622246,0.229817191347064,0.472359684969311,TRUE,FALSE
5,705,-0.247934721865944,0.223007157582964,0.470941879448908,TRUE,FALSE
5,706,-0.236354741890827,0.217435521210632,0.453790263101459,TRUE,FALSE
5,707,-0.23934692646406,0.237689852665938,0.477036779129998,TRUE,FALSE
5,708,-0.231499429564947,0.224169368856315,0.455668798421263,TRUE,FALSE
5,709,-0.244359604390033,0.242846434013716,0.487206038403749,TRUE,FALSE
5,710,-0.230876788420119,0.246877191304863,0.477753979724982,TRUE,FALSE
5,711,-0.252819597220322,0.232810608817307,0.485630206037628,TRUE,FALSE
5,712,-0.22435549105143,0.231292261536288,0.455647752587718,TRUE,FALSE
5,713,-0.258250589206778,0.238278711353923,0.496529300560701,TRUE,FALSE
5,714,-0.246135777734444,0.228538700800702,0.474674478535146,TRUE,FALSE
5,715,-0.220550245047679,0.224442609826279,0.444992854873957,TRUE,FALSE
5,716,-0.236446270731796,0.222876416992588,0.459322687724384,TRUE,FALSE
5,717,-0.248865597439362,0.222279688955983,0.471145286395345,TRUE,FALSE
5,718,-0.239864763153644,0.214589743444579,0.454454506598223,TRUE,FALSE
5,719,-0.233658548477778,0.233914797448676,0.467573345926454,TRUE,FALSE
5,720,-0.242128858876361,0.197553490635172,0.439682349511533,TRUE,FALSE
5,721,-0.248708222399089,0.243613875339849,0.492322097738938,TRUE,FALSE
5,722,-0.228133430000093,0.232833912485846,0.460967342485939,TRUE,FALSE
5,723,-0.248346093135556,0.250272750166003,0.498618843301559,TRUE,FALSE
5,724,-0.259231668389724,0.240178383231993,0.499410051621717,TRUE,FALSE
5,725,-0.249588480291155,0.232738346808559,0.482326827099714,TRUE,FALSE
5,726,-0.234492161443086,0.235167892002815,0.469660053445901,TRUE,FALSE
5,727,-0.245422401278476,0.210209551054081,0.455631952332558,TRUE,FALSE
5,728,-0.232908035830824,0.225627070176741,0.458535106007566,TRUE,FALSE
5,729,-0.239757689303139,0.231976108542816,0.471733797845955,TRUE,FALSE
5,730,-0.256634891100626,0.231210983923117,0.487845875023743,TRUE,FALSE
5,731,-0.240334751187099,0.245811055656386,0.486145806843485,TRUE,FALSE
5,732,-0.236156831549297,0.237102078886705,0.473258910436002,TRUE,FALSE
5,733,-0.249491522941887,0.251427823462414,0.500919346404301,TRUE,FALSE
5,734,-0.215234023804614,0.244190412548779,0.459424436353392,TRUE,FALSE
5,735,-0.242883824754777,0.246931521024006,0.489815345778784,TRUE,FALSE
5,736,-0.246493576006558,0.253085508640501,0.499579084647059,TRUE,FALSE
5,737,-0.234075487899396,0.212677129595436,0.446752617494832,TRUE,FALSE
5,738,-0.214142801313973,0.224858973138868,0.439001774452842,TRUE,FALSE
5,739,-0.243621016177041,0.240238286253342,0.483859302430382,TRUE,FALSE
5,740,-0.251668887548814,0.243837866485015,0.495506754033829,TRUE,FALSE
5,741,-0.239166752160161,0.223449639005943,0.462616391166104,TRUE,FALSE
5,742,-0.223107000072482,0.246001512949167,0.469108513021649,TRUE,FALSE
5,743,-0.239953938596795,0.220571367469407,0.460525306066202,TRUE,FALSE
5,744,-0.249963786340678,0.24611977927366,0.496083565614338,TRUE,FALSE
5,745,-0.251993931217833,0.242950664994148,0.494944596211981,TRUE,FALSE
5,746,-0.234540974957514,0.248681895954455,0.48322287091197,TRUE,FALSE
5,747,-0.240005014059821,0.233390441700029,0.47339545575985,TRUE,FALSE
5,748,-0.248643491057653,0.204026506442775,0.452669997500428,TRUE,FALSE
5,749,-0.244692005974932,0.243829629003153,0.488521634978085,TRUE,FALSE
5,750,-0.249083808273661,0.233960036679203,0.483043844952864,TRUE,FALSE
5,751,-0.246968301642508,0.233067731870876,0.480036033513384,TRUE,FALSE
5,752,-0.24220544730724,0.23941857880983,0.48162402611707,TRUE,FALSE
5,753,-0.240758853737927,0.229293825344171,0.470052679082099,TRUE,FALSE
5,754,-0.245804358492082,0.232746660349919,0.478551018842,TRUE,FALSE
5,755,-0.237454601164752,0.231196790255935,0.468651391420687,TRUE,FALSE
5,756,-0.238414797769082,0.224907291326651,0.463322089095733,TRUE,FALSE
5,757,-0.251222922067612,0.222185364346177,0.473408286413789,TRUE,FALSE
5,758,-0.241452548598746,0.235152889789477,0.476605438388223,TRUE,FALSE
5,759,-0.251656999335146,0.233877052389,0.485534051724146,TRUE,FALSE
5,760,-0.233107064774337,0.228573733334388,0.461680798108725,TRUE,FALSE
5,761,-0.243900158411046,0.240340097460508,0.484240255871554,TRUE,FALSE
5,762,-0.240697877723813,0.23606230538423,0.476760183108043,TRUE,FALSE
5,763,-0.258843623239927,0.24013380424074,0.498977427480666,TRUE,FALSE
5,764,-0.234543157211651,0.233299618708477,0.467842775920128,TRUE,FALSE
5,765,-0.238977270405493,0.226523907941059,0.465501178346552,TRUE,FALSE
5,766,-0.250895714200112,0.238770714782065,0.489666428982177,TRUE,FALSE
5,767,-0.220178609283528,0.23649358258058,0.456672191864108,TRUE,FALSE
5,768,-0.220221734885983,0.212627955934526,0.432849690820509,TRUE,FALSE
5,769,-0.250601414606595,0.229260653907866,0.479862068514461,TRUE,FALSE
5,770,-0.236341247633755,0.232527393640867,0.468868641274622,TRUE,FALSE
5,771,-0.248041147412311,0.245772535932327,0.493813683344637,TRUE,FALSE
5,772,-0.239174598335053,0.226150375333341,0.465324973668395,TRUE,FALSE
5,773,-0.259731948771704,0.227387743074027,0.487119691845731,TRUE,FALSE
5,774,-0.243016378638001,0.235743346364673,0.478759725002674,TRUE,FALSE
5,775,-0.231897104176901,0.239155977124808,0.471053081301709,TRUE,FALSE
5,776,-0.223131160277715,0.189499210152727,0.412630370430442,TRUE,FALSE
5,777,-0.195496428132285,0.243448369996688,0.438944798128972,TRUE,FALSE
5,778,-0.222862524735446,0.240232503161031,0.463095027896477,TRUE,FALSE
5,779,-0.23614922777701,0.235655745333687,0.471804973110697,TRUE,FALSE
5,780,-0.249732619322624,0.236374098146521,0.486106717469144,TRUE,FALSE
5,781,-0.216792351355466,0.244450149035444,0.46124250039091,TRUE,FALSE
5,782,-0.229604597486161,0.251883492049854,0.481488089536016,TRUE,FALSE
5,783,-0.260889770658535,0.239268365969384,0.500158136627919,TRUE,FALSE
5,784,-0.243836473489679,0.229049178265168,0.472885651754847,TRUE,FALSE
5,785,-0.238546284010648,0.224080090410888,0.462626374421536,TRUE,FALSE
5,786,-0.252370682257723,0.214572158757212,0.466942841014935,TRUE,FALSE
5,787,-0.24610908351449,0.24166888097409,0.48777796448858,TRUE,FALSE
5,788,-0.232564285813533,0.213778262001591,0.446342547815124,TRUE,FALSE
5,789,-0.224330637776749,0.23722275251321,0.461553390289958,TRUE,FALSE
5,790,-0.23997125814518,0.219824926235123,0.459796184380303,TRUE,FALSE
5,791,-0.240944244997299,0.225577778821581,0.46652202381888,TRUE,FALSE
5,792,-0.238086184728239,0.242943814438185,0.481029999166425,TRUE,FALSE
5,793,-0.252817738166396,0.239854151564266,0.492671889730662,TRUE,FALSE
5,794,-0.249606652617809,0.23743732970771,0.48704398232552,TRUE,FALSE
5,795,-0.233056497763962,0.230946760166558,0.46400325793052,TRUE,FALSE
5,796,-0.245858390455376,0.232548581348411,0.478406971803787,TRUE,FALSE
5,797,-0.241792101481906,0.227366812159289,0.469158913641195,TRUE,FALSE
5,798,-0.229960972318434,0.23130428898949,0.461265261307924,TRUE,FALSE
5,799,-0.22340802988692,0.233766301708858,0.457174331595778,TRUE,FALSE
5,800,-0.234156827449258,0.226024002386194,0.460180829835451,TRUE,FALSE
5,801,-0.224222955432861,0.2368215052665,0.461044460699361,TRUE,FALSE
5,802,-0.25655064756128,0.245899350203762,0.502449997765042,TRUE,FALSE
5,803,-0.249292087941293,0.236547928321148,0.485840016262441,TRUE,FALSE
5,804,-0.245832348012514,0.229571213580318,0.475403561592833,TRUE,FALSE
5,805,-0.250121417501973,0.215823089470248,0.46594450697222,TRUE,FALSE
5,806,-0.248391119191296,0.232406881747128,0.480798000938424,TRUE,FALSE
5,807,-0.247933610583978,0.24042167616078,0.488355286744759,TRUE,FALSE
5,808,-0.242154694941531,0.22938452052619,0.471539215467722,TRUE,FALSE
5,809,-0.244849879492318,0.231159605297259,0.476009484789577,TRUE,FALSE
5,810,-0.229042100263528,0.245731740503828,0.474773840767356,TRUE,FALSE
5,811,-0.247770674228942,0.246414154058513,0.494184828287455,TRUE,FALSE
5,812,-0.247427415455187,0.226305370321049,0.473732785776236,TRUE,FALSE
5,813,-0.223944448119157,0.23367638466514,0.457620832784298,TRUE,FALSE
5,814,-0.232285812456982,0.239183844508195,0.471469656965176,TRUE,FALSE
5,815,-0.240867461411079,0.234483452805257,0.475350914216337,TRUE,FALSE
5,816,-0.244783037681829,0.208474528891376,0.453257566573205,TRUE,FALSE
5,817,-0.238263614078604,0.232695913320806,0.470959527399411,TRUE,FALSE
5,818,-0.238295296810619,0.254646954400369,0.492942251210988,TRUE,FALSE
5,819,-0.247377634276207,0.23162725053788,0.479004884814087,TRUE,FALSE
5,820,-0.242280755755934,0.246549415344993,0.488830171100927,TRUE,FALSE
5,821,-0.259223926103047,0.225295521718826,0.484519447821873,TRUE,FALSE
5,822,-0.223904057912475,0.233252507010696,0.457156564923171,TRUE,FALSE
5,823,-0.245855794233582,0.226116718719176,0.471972512952758,TRUE,FALSE
5,824,-0.24599540143047,0.235993262960607,0.481988664391077,TRUE,FALSE
5,825,-0.248694479763958,0.235672734465482,0.484367214229439,TRUE,FALSE
5,826,-0.246970128928257,0.233151677704118,0.480121806632375,TRUE,FALSE
5,827,-0.22978592087215,0.229542439716258,0.459328360588408,TRUE,FALSE
5,828,-0.226033732441378,0.242705120910027,0.468738853351405,TRUE,FALSE
5,829,-0.251119895773663,0.241471637868248,0.49259153364191,TRUE,FALSE
5,830,-0.232054648030356,0.250242019364405,0.482296667394761,TRUE,FALSE
5,831,-0.23472103233531,0.237719160635129,0.472440192970438,TRUE,FALSE
5,832,-0.23673449744539,0.200791377886982,0.437525875332372,TRUE,FALSE
5,833,-0.254920606214485,0.231100885940937,0.486021492155422,TRUE,FALSE
5,834,-0.226528474791494,0.232576437436306,0.4591049122278,TRUE,FALSE
5,835,-0.243771601158995,0.208095927666396,0.451867528825391,TRUE,FALSE
5,836,-0.246984620874672,0.239235897799957,0.486220518674629,TRUE,FALSE
5,837,-0.232189975808017,0.248159021606947,0.480348997414965,TRUE,FALSE
5,838,-0.231883819776849,0.232851332910633,0.464735152687482,TRUE,FALSE
5,839,-0.21533348213985,0.227118870078317,0.442452352218167,TRUE,FALSE
5,840,-0.219217599864505,0.223465424136758,0.442683024001263,TRUE,FALSE
5,841,-0.255176199345736,0.237688697013016,0.492864896358752,TRUE,FALSE
5,842,-0.25103255012746,0.240417474682018,0.491450024809479,TRUE,FALSE
5,843,-0.24406288247662,0.230896597658952,0.474959480135572,TRUE,FALSE
5,844,-0.233949209073751,0.239088266392737,0.473037475466488,TRUE,FALSE
5,845,-0.246148185530867,0.232856271427452,0.479004456958319,TRUE,FALSE
5,846,-0.222370046639286,0.2226605174808,0.445030564120086,TRUE,FALSE
5,847,-0.25428921985883,0.226975306530134,0.481264526388963,TRUE,FALSE
5,848,-0.235856869958595,0.233353094571995,0.46920996453059,TRUE,FALSE
5,849,-0.243244238211138,0.236207763389824,0.479452001600962,TRUE,FALSE
5,850,-0.234206889250997,0.21989533568593,0.454102224936927,TRUE,FALSE
5,851,-0.248078445733006,0.247652962752487,0.495731408485493,TRUE,FALSE
5,852,-0.248542800957027,0.229527720768394,0.478070521725422,TRUE,FALSE
5,853,-0.254578744895582,0.212928688008803,0.467507432904385,TRUE,FALSE
5,854,-0.259308075261508,0.231605333131146,0.490913408392655,TRUE,FALSE
5,855,-0.227441751516807,0.215639256965365,0.443081008482173,TRUE,FALSE
5,856,-0.234665808856041,0.211167989504257,0.445833798360298,TRUE,FALSE
5,857,-0.236198019940697,0.24530763600606,0.481505655946757,TRUE,FALSE
5,858,-0.260186904153185,0.217099804065655,0.477286708218841,TRUE,FALSE
5,859,-0.220785018247924,0.229896213806863,0.450681232054787,TRUE,FALSE
5,860,-0.231330889308324,0.23825446622987,0.469585355538194,TRUE,FALSE
5,861,-0.23184445544877,0.225858629382002,0.457703084830772,TRUE,FALSE
5,862,-0.248857492110861,0.244556468649296,0.493413960760157,TRUE,FALSE
5,863,-0.248793817352747,0.230119803352432,0.478913620705178,TRUE,FALSE
5,864,-0.219183723772969,0.244225374922121,0.46340909869509,TRUE,FALSE
5,865,-0.231665152050115,0.226151739196261,0.457816891246377,TRUE,FALSE
5,866,-0.254818275039128,0.239973026906169,0.494791301945297,TRUE,FALSE
5,867,-0.221559701171308,0.240166595103786,0.461726296275094,TRUE,FALSE
5,868,-0.23733213315972,0.238359187624379,0.475691320784099,TRUE,FALSE
5,869,-0.226207918378645,0.250533578428679,0.476741496807325,TRUE,FALSE
5,870,-0.225367967061512,0.234337247583876,0.459705214645388,TRUE,FALSE
5,871,-0.252368759455339,0.219028480628859,0.471397240084198,TRUE,FALSE
5,872,-0.239794126443719,0.237027740292804,0.476821866736523,TRUE,FALSE
5,873,-0.231259716971396,0.228600207106246,0.459859924077642,TRUE,FALSE
5,874,-0.227989780928505,0.224686423686861,0.452676204615366,TRUE,FALSE
5,875,-0.255956709351954,0.223930502396263,0.479887211748217,TRUE,FALSE
5,876,-0.241549498882889,0.222138358848549,0.463687857731438,TRUE,FALSE
5,877,-0.243381958081823,0.244956000581098,0.488337958662921,TRUE,FALSE
5,878,-0.220180793149623,0.253037431241747,0.47321822439137,TRUE,FALSE
5,879,-0.225157005311048,0.248726627180817,0.473883632491866,TRUE,FALSE
5,880,-0.231831320496583,0.234751564221675,0.466582884718258,TRUE,FALSE
5,881,-0.246871237973616,0.2293877404127,0.476258978386316,TRUE,FALSE
5,882,-0.249774722210865,0.222138427166346,0.471913149377211,TRUE,FALSE
5,883,-0.220839181887972,0.220722705389014,0.441561887276986,TRUE,FALSE
5,884,-0.231226733255111,0.224608487130269,0.45583522038538,TRUE,FALSE
5,885,-0.249395067687733,0.223947592505773,0.473342660193506,TRUE,FALSE
5,886,-0.247835899973535,0.250176813963911,0.498012713937447,TRUE,FALSE
5,887,-0.251631140658926,0.222059598864099,0.473690739523025,TRUE,FALSE
5,888,-0.241898935702748,0.209935533362672,0.45183446906542,TRUE,FALSE
5,889,-0.233691833889155,0.235090445484146,0.4687822793733,TRUE,FALSE
5,890,-0.259808196823872,0.227901012102066,0.487709208925938,TRUE,FALSE
5,891,-0.24155094691274,0.229579571345985,0.471130518258724,TRUE,FALSE
5,892,-0.231147537615067,0.229202416364232,0.460349953979298,TRUE,FALSE
5,893,-0.247954343844934,0.251906233316811,0.499860577161745,TRUE,FALSE
5,894,-0.240197367448952,0.21130225791953,0.451499625368482,TRUE,FALSE
5,895,-0.241029628634461,0.232762442349975,0.473792070984436,TRUE,FALSE
5,896,-0.232092119317315,0.224167849062662,0.456259968379977,TRUE,FALSE
5,897,-0.26052881097316,0.231518173612061,0.492046984585221,TRUE,FALSE
5,898,-0.234635346650522,0.234691130952584,0.469326477603106,TRUE,FALSE
5,899,-0.242878683571782,0.247191208553536,0.490069892125319,TRUE,FALSE
5,900,-0.214092423268696,0.237345313706969,0.451437736975665,TRUE,FALSE
5,901,-0.231163011388188,0.236372775640248,0.467535787028435,TRUE,FALSE
5,902,-0.238989338216744,0.231773892716004,0.470763230932748,TRUE,FALSE
5,903,-0.238708429602431,0.231131410118166,0.469839839720597,TRUE,FALSE
5,904,-0.247418841025804,0.222759996394912,0.470178837420716,TRUE,FALSE
5,905,-0.223321663084811,0.235253010755232,0.458574673840043,TRUE,FALSE
5,906,-0.234764265922373,0.232873205227079,0.467637471149452,TRUE,FALSE
5,907,-0.243027071992658,0.247527615395904,0.490554687388562,TRUE,FALSE
5,908,-0.250425525019708,0.241773839532028,0.492199364551736,TRUE,FALSE
5,909,-0.22990844403978,0.242679589669819,0.472588033709599,TRUE,FALSE
5,910,-0.239193815356137,0.224763755748126,0.463957571104263,TRUE,FALSE
5,911,-0.232223678866968,0.231503446365084,0.463727125232052,TRUE,FALSE
5,912,-0.230457615935405,0.237485342542207,0.467942958477612,TRUE,FALSE
5,913,-0.248951551423242,0.230334739945763,0.479286291369005,TRUE,FALSE
5,914,-0.229871977179301,0.246142344634891,0.476014321814192,TRUE,FALSE
5,915,-0.235666296402629,0.243712878443546,0.479379174846175,TRUE,FALSE
5,916,-0.228993424737894,0.224362920907475,0.453356345645368,TRUE,FALSE
5,917,-0.242571921155329,0.247461635346135,0.490033556501464,TRUE,FALSE
5,918,-0.23891343308257,0.233215342438873,0.472128775521442,TRUE,FALSE
5,919,-0.247837589687456,0.220456165873449,0.468293755560905,TRUE,FALSE
5,920,-0.237569816213146,0.229726000671428,0.467295816884575,TRUE,FALSE
5,921,-0.219140416030571,0.237840802324511,0.456981218355082,TRUE,FALSE
5,922,-0.244668900324656,0.224318625472213,0.468987525796869,TRUE,FALSE
5,923,-0.241070229803784,0.237842554092769,0.478912783896553,TRUE,FALSE
5,924,-0.24437794194364,0.235242941032697,0.479620882976337,TRUE,FALSE
5,925,-0.244495162891657,0.239089267932133,0.48358443082379,TRUE,FALSE
5,926,-0.236390875690685,0.238516428093566,0.474907303784251,TRUE,FALSE
5,927,-0.254966357847213,0.237423167355631,0.492389525202845,TRUE,FALSE
5,928,-0.245104029546841,0.232767167109371,0.477871196656212,TRUE,FALSE
5,929,-0.255741076135001,0.222638276699727,0.478379352834728,TRUE,FALSE
5,930,-0.254587644655639,0.245703382525682,0.500291027181322,TRUE,FALSE
5,931,-0.246218113063157,0.233432527925409,0.479650640988567,TRUE,FALSE
5,932,-0.244908092435619,0.212424001145089,0.457332093580708,TRUE,FALSE
5,933,-0.216829810256104,0.223311736702077,0.440141546958181,TRUE,FALSE
5,934,-0.219171790523573,0.232213487173892,0.451385277697465,TRUE,FALSE
5,935,-0.251724387058075,0.22877910223524,0.480503489293315,TRUE,FALSE
5,936,-0.243335281298758,0.234717702202784,0.478052983501543,TRUE,FALSE
5,937,-0.249377833253944,0.230515985145469,0.479893818399414,TRUE,FALSE
5,938,-0.238673691446804,0.230792632685775,0.469466324132579,TRUE,FALSE
5,939,-0.252293403681479,0.254340968411321,0.5066343720928,TRUE,FALSE
5,940,-0.246200464151294,0.242967853221509,0.489168317372803,TRUE,FALSE
5,941,-0.235782540951039,0.247151063561632,0.48293360451267,TRUE,FALSE
5,942,-0.232035321078142,0.231618177809114,0.463653498887255,TRUE,FALSE
5,943,-0.23456559502292,0.234485942618336,0.469051537641256,TRUE,FALSE
5,944,-0.223777156116098,0.239825409552641,0.46360256566874,TRUE,FALSE
5,945,-0.258266568865436,0.234189112852198,0.492455681717634,TRUE,FALSE
5,946,-0.222727364515829,0.240011223979658,0.462738588495487,TRUE,FALSE
5,947,-0.251056934573041,0.22275883776172,0.473815772334761,TRUE,FALSE
5,948,-0.242423330437143,0.225212320272249,0.467635650709392,TRUE,FALSE
5,949,-0.220327542997192,0.236417738095725,0.456745281092918,TRUE,FALSE
5,950,-0.243802294271916,0.230876395948992,0.474678690220908,TRUE,FALSE
5,951,-0.237256842227688,0.237997409139604,0.475254251367292,TRUE,FALSE
5,952,-0.235508217137575,0.241935988081297,0.477444205218872,TRUE,FALSE
5,953,-0.223056547049643,0.236118247806356,0.459174794855998,TRUE,FALSE
5,954,-0.248302124139464,0.223371784945078,0.471673909084542,TRUE,FALSE
5,955,-0.256240804954016,0.24941623521328,0.505657040167296,TRUE,FALSE
5,956,-0.244506558175061,0.227552950337237,0.472059508512299,TRUE,FALSE
5,957,-0.256412542997926,0.209770386928628,0.466182929926553,TRUE,FALSE
5,958,-0.223388289548084,0.211392637663203,0.434780927211286,TRUE,FALSE
5,959,-0.236759848434277,0.228555339042477,0.465315187476754,TRUE,FALSE
5,960,-0.232160631069945,0.230983886500047,0.463144517569992,TRUE,FALSE
5,961,-0.252727564912851,0.227192759528628,0.479920324441478,TRUE,FALSE
5,962,-0.253022514484953,0.226588657797273,0.479611172282226,TRUE,FALSE
5,963,-0.2424264459153,0.235190872100722,0.477617318016021,TRUE,FALSE
5,964,-0.231697281054304,0.22307010031057,0.454767381364875,TRUE,FALSE
5,965,-0.217691647820564,0.217901604450473,0.435593252271036,TRUE,FALSE
5,966,-0.249797887028777,0.216630702504978,0.466428589533755,TRUE,FALSE
5,967,-0.219555356739764,0.212641104561262,0.432196461301026,TRUE,FALSE
5,968,-0.240058243758712,0.227691533539747,0.467749777298459,TRUE,FALSE
5,969,-0.232335894278129,0.232796305435417,0.465132199713545,TRUE,FALSE
5,970,-0.244659484085682,0.226182763794333,0.470842247880015,TRUE,FALSE
5,971,-0.222585830400273,0.234723113427256,0.457308943827529,TRUE,FALSE
5,972,-0.244211052650026,0.239174388033999,0.483385440684025,TRUE,FALSE
5,973,-0.24074916910515,0.22417187214733,0.46492104125248,TRUE,FALSE
5,974,-0.236238392872201,0.23480894465789,0.471047337530091,TRUE,FALSE
5,975,-0.221935076140401,0.231238638330462,0.453173714470863,TRUE,FALSE
5,976,-0.239350320530037,0.220822091966323,0.46017241249636,TRUE,FALSE
5,977,-0.234156726804276,0.235571885486086,0.469728612290363,TRUE,FALSE
5,978,-0.241173669633273,0.242916607336005,0.484090276969278,TRUE,FALSE
5,979,-0.223625020306495,0.219849552903662,0.443474573210158,TRUE,FALSE
5,980,-0.238938176579482,0.230638590415707,0.469576766995189,TRUE,FALSE
5,981,-0.229549717298769,0.224435373524435,0.453985090823203,TRUE,FALSE
5,982,-0.252030129385202,0.218990897631346,0.471021027016547,TRUE,FALSE
5,983,-0.248713085077333,0.207992382048088,0.456705467125421,TRUE,FALSE
5,984,-0.228791730601089,0.240770364011553,0.469562094612642,TRUE,FALSE
5,985,-0.247840008270632,0.225002858885628,0.47284286715626,TRUE,FALSE
5,986,-0.240261377179501,0.253248363934068,0.493509741113569,TRUE,FALSE
5,987,-0.23734291044131,0.233802498698894,0.471145409140204,TRUE,FALSE
5,988,-0.246630308664714,0.20892322215972,0.455553530824435,TRUE,FALSE
5,989,-0.243888276055184,0.247636791863444,0.491525067918627,TRUE,FALSE
5,990,-0.245583382311311,0.230687213962306,0.476270596273617,TRUE,FALSE
5,991,-0.213864694261529,0.240384510951842,0.454249205213371,TRUE,FALSE
5,992,-0.225527224801148,0.208376762515989,0.433903987317137,TRUE,FALSE
5,993,-0.250597269371308,0.224405549629336,0.475002819000643,TRUE,FALSE
5,994,-0.230943784023841,0.222461568478684,0.453405352502525,TRUE,FALSE
5,995,-0.231569148365745,0.229537319970121,0.461106468335866,TRUE,FALSE
5,996,-0.241086252127235,0.245669133208609,0.486755385335844,TRUE,FALSE
5,997,-0.244294727602502,0.20914452257421,0.453439250176712,TRUE,FALSE
5,998,-0.249132367299574,0.213301042711957,0.462433410011531,TRUE,FALSE
5,999,-0.247905705714478,0.21496396463058,0.462869670345058,TRUE,FALSE
5,1000,-0.243054156437676,0.226857417611417,0.469911574049093,TRUE,FALSE
25,1,-0.252905338720098,0.233327874069143,0.48623321278924,TRUE,FALSE
25,2,-0.22469230908158,0.230411250756763,0.455103559838343,TRUE,FALSE
25,3,-0.236037411298489,0.247918236727277,0.483955648025766,TRUE,FALSE
25,4,-0.243299868107806,0.233283803874425,0.476583671982231,TRUE,FALSE
25,5,-0.249918746588996,0.232003807575136,0.481922554164132,TRUE,FALSE
25,6,-0.245456346237779,0.239436861917346,0.484893208155125,TRUE,FALSE
25,7,-0.241514299633853,0.24411245296755,0.485626752601403,TRUE,FALSE
25,8,-0.246789106088144,0.229470753925179,0.476259860013323,TRUE,FALSE
25,9,-0.252756332875229,0.21712912836177,0.469885461236999,TRUE,FALSE
25,10,-0.251256661471503,0.230931886854226,0.482188548325729,TRUE,FALSE
25,11,-0.252089722000192,0.230207298756969,0.482297020757161,TRUE,FALSE
25,12,-0.247394402231591,0.243482540587727,0.490876942819318,TRUE,FALSE
25,13,-0.240617427345266,0.223164039157149,0.463781466502416,TRUE,FALSE
25,14,-0.259816851640788,0.242996522379846,0.502813374020634,TRUE,FALSE
25,15,-0.240221294474618,0.23199541311621,0.472216707590828,TRUE,FALSE
25,16,-0.244460333637905,0.235489341984288,0.479949675622193,TRUE,FALSE
25,17,-0.26099688662511,0.233894692271617,0.494891578896726,TRUE,FALSE
25,18,-0.258720666848627,0.230532465783977,0.489253132632603,TRUE,FALSE
25,19,-0.250368095977987,0.249721861304724,0.500089957282711,TRUE,FALSE
25,20,-0.239595309440282,0.22867979252524,0.468275101965522,TRUE,FALSE
25,21,-0.24237408598306,0.24515479883597,0.487528884819031,TRUE,FALSE
25,22,-0.262865884029579,0.237852086555594,0.500717970585173,TRUE,FALSE
25,23,-0.240545421164502,0.244050293666228,0.48459571483073,TRUE,FALSE
25,24,-0.265377701743653,0.222322528787282,0.487700230530935,TRUE,FALSE
25,25,-0.258149389071675,0.228829125204242,0.486978514275917,TRUE,FALSE
25,26,-0.251309505648668,0.230461541871802,0.48177104752047,TRUE,FALSE
25,27,-0.248023186714344,0.248536030151457,0.4965592168658,TRUE,FALSE
25,28,-0.251632211024496,0.234493223719599,0.486125434744095,TRUE,FALSE
25,29,-0.258708961933359,0.22942889971351,0.488137861646869,TRUE,FALSE
25,30,-0.237377120702608,0.236231974430593,0.473609095133202,TRUE,FALSE
25,31,-0.267728728240579,0.239440546112667,0.507169274353246,TRUE,FALSE
25,32,-0.253623658466663,0.2365435131212,0.490167171587863,TRUE,FALSE
25,33,-0.242497353068429,0.235790113555991,0.47828746662442,TRUE,FALSE
25,34,-0.238093044495641,0.254992432332098,0.493085476827739,TRUE,FALSE
25,35,-0.233320104202141,0.241166255537722,0.474486359739863,TRUE,FALSE
25,36,-0.246664972666859,0.243999757736224,0.490664730403083,TRUE,FALSE
25,37,-0.25304654925578,0.232290662407284,0.485337211663063,TRUE,FALSE
25,38,-0.241721993973661,0.231549832671956,0.473271826645617,TRUE,FALSE
25,39,-0.242294845189669,0.229966653668889,0.472261498858558,TRUE,FALSE
25,40,-0.261008690382405,0.229079536990149,0.490088227372554,TRUE,FALSE
25,41,-0.218070764425319,0.2330423739284,0.451113138353719,TRUE,FALSE
25,42,-0.239016835603719,0.239823819918391,0.47884065552211,TRUE,FALSE
25,43,-0.252435255788538,0.221284507967127,0.473719763755665,TRUE,FALSE
25,44,-0.248035315587093,0.219343612360397,0.46737892794749,TRUE,FALSE
25,45,-0.253908777683462,0.229892075661855,0.483800853345318,TRUE,FALSE
25,46,-0.24044535968829,0.233056884430014,0.473502244118304,TRUE,FALSE
25,47,-0.235663573243701,0.230655277400369,0.466318850644069,TRUE,FALSE
25,48,-0.244712288465619,0.242284009599824,0.486996298065443,TRUE,FALSE
25,49,-0.247286108817362,0.235727075341093,0.483013184158455,TRUE,FALSE
25,50,-0.236877724661117,0.241665336542595,0.478543061203712,TRUE,FALSE
25,51,-0.249333810480662,0.242103753418356,0.491437563899017,TRUE,FALSE
25,52,-0.243506893926987,0.244523924598641,0.488030818525628,TRUE,FALSE
25,53,-0.243358441776706,0.227933869367934,0.47129231114464,TRUE,FALSE
25,54,-0.254147301465542,0.222506350447318,0.476653651912859,TRUE,FALSE
25,55,-0.253266559816838,0.228365625604715,0.481632185421553,TRUE,FALSE
25,56,-0.238180284224688,0.245578714512753,0.483758998737441,TRUE,FALSE
25,57,-0.254886877141913,0.238892096517352,0.493778973659264,TRUE,FALSE
25,58,-0.244731168946768,0.232098814944011,0.476829983890779,TRUE,FALSE
25,59,-0.249174112376464,0.241638550615206,0.490812662991669,TRUE,FALSE
25,60,-0.25120207464936,0.246590612522926,0.497792687172286,TRUE,FALSE
25,61,-0.242335855761875,0.231278305240577,0.473614161002451,TRUE,FALSE
25,62,-0.260299608501598,0.238924914673837,0.499224523175435,TRUE,FALSE
25,63,-0.253068616757568,0.243100948649238,0.496169565406806,TRUE,FALSE
25,64,-0.262894670532183,0.241017538823697,0.50391220935588,TRUE,FALSE
25,65,-0.241557777424553,0.232940829880221,0.474498607304774,TRUE,FALSE
25,66,-0.240395950209736,0.247235483857563,0.487631434067298,TRUE,FALSE
25,67,-0.24884553181977,0.249700355297578,0.498545887117348,TRUE,FALSE
25,68,-0.254701234929067,0.237728533269847,0.492429768198913,TRUE,FALSE
25,69,-0.25141187486278,0.236964210735304,0.488376085598085,TRUE,FALSE
25,70,-0.243121081095261,0.243151466281085,0.486272547376346,TRUE,FALSE
25,71,-0.24603185879602,0.220765226214641,0.466797085010662,TRUE,FALSE
25,72,-0.243069311259886,0.229423368683491,0.472492679943377,TRUE,FALSE
25,73,-0.235683874638537,0.235068731674206,0.470752606312743,TRUE,FALSE
25,74,-0.246658972556594,0.240340482718096,0.48699945527469,TRUE,FALSE
25,75,-0.239287705927727,0.241727029261953,0.48101473518968,TRUE,FALSE
25,76,-0.238320617650593,0.238149834045966,0.476470451696559,TRUE,FALSE
25,77,-0.239492864375705,0.223777238689042,0.463270103064747,TRUE,FALSE
25,78,-0.253574883874521,0.251831061886213,0.505405945760735,TRUE,FALSE
25,79,-0.249062621580873,0.233029406878384,0.482092028459257,TRUE,FALSE
25,80,-0.248002349676197,0.225494242223017,0.473496591899214,TRUE,FALSE
25,81,-0.241349577037298,0.229558113830596,0.470907690867894,TRUE,FALSE
25,82,-0.242229353938315,0.223782288029584,0.466011641967899,TRUE,FALSE
25,83,-0.243942840015713,0.235412855842933,0.479355695858645,TRUE,FALSE
25,84,-0.243760872324165,0.231153152297896,0.474914024622062,TRUE,FALSE
25,85,-0.25268248610918,0.232980534273066,0.485663020382246,TRUE,FALSE
25,86,-0.258728859804227,0.22963219110253,0.488361050906757,TRUE,FALSE
25,87,-0.233767488862123,0.240004134167065,0.473771623029188,TRUE,FALSE
25,88,-0.244274290409982,0.231799616372337,0.476073906782319,TRUE,FALSE
25,89,-0.262934235785755,0.212053159133684,0.474987394919439,TRUE,FALSE
25,90,-0.241761177599974,0.232210374733873,0.473971552333848,TRUE,FALSE
25,91,-0.231940039440376,0.233328903310369,0.465268942750745,TRUE,FALSE
25,92,-0.251157578716906,0.23366022123863,0.484817799955536,TRUE,FALSE
25,93,-0.245838259295057,0.232765612694911,0.478603871989969,TRUE,FALSE
25,94,-0.240176499408247,0.224011838625377,0.464188338033624,TRUE,FALSE
25,95,-0.244852382126538,0.22313181859771,0.467984200724248,TRUE,FALSE
25,96,-0.250568595623287,0.234771105526197,0.485339701149484,TRUE,FALSE
25,97,-0.258920704842517,0.231152760878307,0.490073465720824,TRUE,FALSE
25,98,-0.249756829028592,0.232324985626234,0.482081814654826,TRUE,FALSE
25,99,-0.242292566246645,0.232427228114901,0.474719794361546,TRUE,FALSE
25,100,-0.23449002279433,0.241431555985732,0.475921578780062,TRUE,FALSE
25,101,-0.236261949543335,0.247437768294632,0.483699717837967,TRUE,FALSE
25,102,-0.257810232400733,0.229484258336297,0.48729449073703,TRUE,FALSE
25,103,-0.248699326088672,0.249001167793608,0.49770049388228,TRUE,FALSE
25,104,-0.240242552620327,0.240524564254178,0.480767116874505,TRUE,FALSE
25,105,-0.242096644060463,0.23744182794127,0.479538472001733,TRUE,FALSE
25,106,-0.243630679646794,0.21111678014727,0.454747459794064,TRUE,FALSE
25,107,-0.249847440414335,0.230771840492582,0.480619280906917,TRUE,FALSE
25,108,-0.246381184184777,0.241446087389913,0.48782727157469,TRUE,FALSE
25,109,-0.250593030884277,0.248004708999072,0.49859773988335,TRUE,FALSE
25,110,-0.249507389230254,0.232056267489167,0.481563656719421,TRUE,FALSE
25,111,-0.244468067560626,0.236724565126292,0.481192632686917,TRUE,FALSE
25,112,-0.255409266972076,0.241768388137229,0.497177655109304,TRUE,FALSE
25,113,-0.237596210093727,0.235314344037816,0.472910554131542,TRUE,FALSE
25,114,-0.237634959307506,0.23715585224169,0.474790811549196,TRUE,FALSE
25,115,-0.231590097957176,0.244318881784334,0.47590897974151,TRUE,FALSE
25,116,-0.258993271851663,0.233430213807169,0.492423485658833,TRUE,FALSE
25,117,-0.242242523238282,0.233096111972869,0.475338635211151,TRUE,FALSE
25,118,-0.244652748227003,0.232831359214558,0.477484107441561,TRUE,FALSE
25,119,-0.245090175017842,0.22654129921698,0.471631474234822,TRUE,FALSE
25,120,-0.248126888364684,0.254238342185003,0.502365230549686,TRUE,FALSE
25,121,-0.24283714608021,0.243398776692971,0.486235922773181,TRUE,FALSE
25,122,-0.262232215210356,0.237570854214632,0.499803069424988,TRUE,FALSE
25,123,-0.25128506198263,0.230251614039774,0.481536676022404,TRUE,FALSE
25,124,-0.252018225475696,0.241789603048127,0.493807828523823,TRUE,FALSE
25,125,-0.240445841400901,0.231528659804122,0.471974501205023,TRUE,FALSE
25,126,-0.245501930148801,0.232426497434762,0.477928427583562,TRUE,FALSE
25,127,-0.253374357897386,0.246006203590352,0.499380561487738,TRUE,FALSE
25,128,-0.237361760908908,0.244320072553594,0.481681833462502,TRUE,FALSE
25,129,-0.233880991494519,0.239688511151261,0.47356950264578,TRUE,FALSE
25,130,-0.239659805517224,0.241302773351999,0.480962578869222,TRUE,FALSE
25,131,-0.223990613827086,0.232599469039901,0.456590082866987,TRUE,FALSE
25,132,-0.231884769173137,0.233414490187304,0.465299259360441,TRUE,FALSE
25,133,-0.24893570733805,0.243966358728762,0.492902066066812,TRUE,FALSE
25,134,-0.254401979403994,0.242646230521781,0.497048209925775,TRUE,FALSE
25,135,-0.250149907358516,0.245123417058866,0.495273324417383,TRUE,FALSE
25,136,-0.244783974266428,0.230339508362509,0.475123482628937,TRUE,FALSE
25,137,-0.239601198785222,0.232988504574085,0.472589703359308,TRUE,FALSE
25,138,-0.236613685485261,0.235026120985482,0.471639806470743,TRUE,FALSE
25,139,-0.259458137785332,0.227457063522501,0.486915201307833,TRUE,FALSE
25,140,-0.241567244751945,0.254600672371077,0.496167917123023,TRUE,FALSE
25,141,-0.258436295464808,0.251678916585558,0.510115212050366,TRUE,FALSE
25,142,-0.239622357135947,0.222412286801226,0.462034643937173,TRUE,FALSE
25,143,-0.230056647074178,0.231979471217212,0.46203611829139,TRUE,FALSE
25,144,-0.26117856150911,0.231080694555316,0.492259256064426,TRUE,FALSE
25,145,-0.256612848355628,0.216630623715432,0.47324347207106,TRUE,FALSE
25,146,-0.236437965452102,0.230372479402053,0.466810444854155,TRUE,FALSE
25,147,-0.250555109945467,0.236814290921934,0.4873694008674,TRUE,FALSE
25,148,-0.247862855064873,0.235767644560809,0.483630499625682,TRUE,FALSE
25,149,-0.242181751558576,0.24446685862908,0.486648610187656,TRUE,FALSE
25,150,-0.24964217518747,0.246011173654944,0.495653348842415,TRUE,FALSE
25,151,-0.239797669669118,0.2338114553835,0.473609125052618,TRUE,FALSE
25,152,-0.238727308052416,0.230700618481377,0.469427926533793,TRUE,FALSE
25,153,-0.240534564079147,0.230432019268518,0.470966583347665,TRUE,FALSE
25,154,-0.239492469941878,0.244658485312328,0.484150955254205,TRUE,FALSE
25,155,-0.251813837322265,0.233685799003939,0.485499636326204,TRUE,FALSE
25,156,-0.252070899270718,0.2423740217583,0.494444921029018,TRUE,FALSE
25,157,-0.238088422029443,0.232732707651194,0.470821129680637,TRUE,FALSE
25,158,-0.248633669388361,0.24641816925291,0.495051838641271,TRUE,FALSE
25,159,-0.241978571230756,0.23896229656687,0.480940867797627,TRUE,FALSE
25,160,-0.231011650245571,0.233781988511565,0.464793638757137,TRUE,FALSE
25,161,-0.243945790006195,0.238492056328915,0.482437846335111,TRUE,FALSE
25,162,-0.241292172315874,0.232809966393863,0.474102138709737,TRUE,FALSE
25,163,-0.239663190852819,0.243568504548448,0.483231695401267,TRUE,FALSE
25,164,-0.254688871469748,0.214821761121737,0.469510632591485,TRUE,FALSE
25,165,-0.242505129684619,0.231426901661579,0.473932031346199,TRUE,FALSE
25,166,-0.243115724338509,0.224894576529769,0.468010300868279,TRUE,FALSE
25,167,-0.23841780669417,0.239289543432199,0.47770735012637,TRUE,FALSE
25,168,-0.232123619769381,0.234594917380229,0.466718537149609,TRUE,FALSE
25,169,-0.237413910451762,0.231610394768606,0.469024305220368,TRUE,FALSE
25,170,-0.241815064381111,0.243102004013509,0.48491706839462,TRUE,FALSE
25,171,-0.251571234429522,0.235007154385081,0.486578388814603,TRUE,FALSE
25,172,-0.24174886839209,0.234251005001041,0.47599987339313,TRUE,FALSE
25,173,-0.249604422343164,0.239113674462526,0.48871809680569,TRUE,FALSE
25,174,-0.235606366820592,0.250506264064212,0.486112630884804,TRUE,FALSE
25,175,-0.242324839515318,0.24475233796512,0.487077177480437,TRUE,FALSE
25,176,-0.244598644152981,0.24243590520274,0.487034549355721,TRUE,FALSE
25,177,-0.239738294223908,0.237198979122215,0.476937273346123,TRUE,FALSE
25,178,-0.2398496888271,0.229665995964222,0.469515684791322,TRUE,FALSE
25,179,-0.245085155927238,0.242454738286367,0.487539894213606,TRUE,FALSE
25,180,-0.240480950794623,0.228810880006978,0.469291830801601,TRUE,FALSE
25,181,-0.240677720715881,0.243552889699186,0.484230610415067,TRUE,FALSE
25,182,-0.255493757385253,0.25168134836962,0.507175105754873,TRUE,FALSE
25,183,-0.252377289218217,0.230595913832212,0.482973203050429,TRUE,FALSE
25,184,-0.246930989145653,0.244766056184605,0.491697045330258,TRUE,FALSE
25,185,-0.230969766873527,0.243838376271666,0.474808143145193,TRUE,FALSE
25,186,-0.243883081136024,0.246929371188076,0.4908124523241,TRUE,FALSE
25,187,-0.243097260888013,0.242770561480918,0.485867822368931,TRUE,FALSE
25,188,-0.241604035952583,0.241672277371251,0.483276313323834,TRUE,FALSE
25,189,-0.247013288773548,0.232551374467325,0.479564663240873,TRUE,FALSE
25,190,-0.240835167520437,0.243483884272812,0.484319051793249,TRUE,FALSE
25,191,-0.252680979725387,0.22883027078681,0.481511250512198,TRUE,FALSE
25,192,-0.220666828551609,0.244688071619591,0.4653549001712,TRUE,FALSE
25,193,-0.253960912889984,0.235640195095916,0.4896011079859,TRUE,FALSE
25,194,-0.239298677054028,0.238966060018401,0.478264737072429,TRUE,FALSE
25,195,-0.248709967589324,0.235422967639217,0.484132935228541,TRUE,FALSE
25,196,-0.242528338155621,0.241462492345524,0.483990830501145,TRUE,FALSE
25,197,-0.253338243121593,0.22755299804228,0.480891241163873,TRUE,FALSE
25,198,-0.236711532522276,0.236065372186507,0.472776904708783,TRUE,FALSE
25,199,-0.242019042291066,0.23025944902599,0.472278491317057,TRUE,FALSE
25,200,-0.258630189101235,0.24741080981819,0.506040998919424,TRUE,FALSE
25,201,-0.250272052266512,0.250774301520141,0.501046353786653,TRUE,FALSE
25,202,-0.257328797319838,0.251898461243857,0.509227258563695,TRUE,FALSE
25,203,-0.239932482460356,0.234482990610061,0.474415473070417,TRUE,FALSE
25,204,-0.232431796628338,0.250144141834623,0.482575938462961,TRUE,FALSE
25,205,-0.239339828838416,0.229927760092382,0.469267588930798,TRUE,FALSE
25,206,-0.241115805460342,0.244089378587272,0.485205184047614,TRUE,FALSE
25,207,-0.243690845247423,0.23742740605908,0.481118251306503,TRUE,FALSE
25,208,-0.237004022598926,0.235978666219651,0.472982688818577,TRUE,FALSE
25,209,-0.24486438828101,0.23136886937752,0.47623325765853,TRUE,FALSE
25,210,-0.233475551234967,0.228803000606904,0.462278551841871,TRUE,FALSE
25,211,-0.256510596405129,0.234024646883274,0.490535243288404,TRUE,FALSE
25,212,-0.230563425677029,0.234089443094387,0.464652868771416,TRUE,FALSE
25,213,-0.248410859546661,0.22231444969163,0.470725309238291,TRUE,FALSE
25,214,-0.256470591418893,0.241146725985102,0.497617317403994,TRUE,FALSE
25,215,-0.245050984422934,0.235907918121838,0.480958902544772,TRUE,FALSE
25,216,-0.249185446579282,0.242347419600516,0.491532866179798,TRUE,FALSE
25,217,-0.248300430553444,0.228074566877605,0.47637499743105,TRUE,FALSE
25,218,-0.242311710247234,0.227806221658706,0.47011793190594,TRUE,FALSE
25,219,-0.245124187812298,0.231199469848997,0.476323657661295,TRUE,FALSE
25,220,-0.243791628630453,0.242411224846259,0.486202853476712,TRUE,FALSE
25,221,-0.245562875380787,0.220560873707139,0.466123749087926,TRUE,FALSE
25,222,-0.241097221126241,0.231940288130071,0.473037509256312,TRUE,FALSE
25,223,-0.247374827622884,0.24266208849867,0.490036916121553,TRUE,FALSE
25,224,-0.250762227359845,0.231795261299824,0.482557488659669,TRUE,FALSE
25,225,-0.242202743003323,0.241762974345693,0.483965717349016,TRUE,FALSE
25,226,-0.250991834530759,0.24323244515083,0.494224279681589,TRUE,FALSE
25,227,-0.244304838456086,0.233799248772209,0.478104087228295,TRUE,FALSE
25,228,-0.2461955676798,0.232307471657695,0.478503039337495,TRUE,FALSE
25,229,-0.230928714132561,0.227841652085938,0.458770366218499,TRUE,FALSE
25,230,-0.246087697110422,0.238160874204745,0.484248571315168,TRUE,FALSE
25,231,-0.249950095162228,0.233347648046273,0.4832977432085,TRUE,FALSE
25,232,-0.242512522728736,0.229200202507391,0.471712725236127,TRUE,FALSE
25,233,-0.234742154099388,0.240425993318098,0.475168147417486,TRUE,FALSE
25,234,-0.238338415452269,0.23365576386854,0.47199417932081,TRUE,FALSE
25,235,-0.247973947232087,0.233686448784717,0.481660396016804,TRUE,FALSE
25,236,-0.238581073201719,0.236199985926892,0.47478105912861,TRUE,FALSE
25,237,-0.250266700456421,0.224982875280478,0.475249575736899,TRUE,FALSE
25,238,-0.258688363063298,0.241953957219839,0.500642320283137,TRUE,FALSE
25,239,-0.242408919841553,0.251374941998239,0.493783861839792,TRUE,FALSE
25,240,-0.244096113663978,0.237685373386556,0.481781487050533,TRUE,FALSE
25,241,-0.24224105202358,0.238138387445349,0.480379439468929,TRUE,FALSE
25,242,-0.239100145494119,0.239576537992515,0.478676683486634,TRUE,FALSE
25,243,-0.240658417618941,0.232886171932773,0.473544589551714,TRUE,FALSE
25,244,-0.24620740582136,0.233821054917729,0.48002846073909,TRUE,FALSE
25,245,-0.242638621699095,0.218562795977268,0.461201417676363,TRUE,FALSE
25,246,-0.243423975977642,0.242234008832224,0.485657984809866,TRUE,FALSE
25,247,-0.243443125373839,0.232311809983365,0.475754935357204,TRUE,FALSE
25,248,-0.238123710955578,0.230778124336922,0.4689018352925,TRUE,FALSE
25,249,-0.250366693810839,0.236062753952589,0.486429447763428,TRUE,FALSE
25,250,-0.246043711476615,0.233555031081902,0.479598742558517,TRUE,FALSE
25,251,-0.244076564966914,0.234300070311143,0.478376635278057,TRUE,FALSE
25,252,-0.23890807704481,0.24350485655306,0.48241293359787,TRUE,FALSE
25,253,-0.254770331784289,0.244151219944229,0.498921551728518,TRUE,FALSE
25,254,-0.256266654097634,0.238456975518702,0.494723629616335,TRUE,FALSE
25,255,-0.239615499545634,0.230217009429609,0.469832508975243,TRUE,FALSE
25,256,-0.248033143448392,0.24214280487029,0.490175948318681,TRUE,FALSE
25,257,-0.254300726159523,0.234771653509442,0.489072379668965,TRUE,FALSE
25,258,-0.24886260071201,0.244442607670688,0.493305208382698,TRUE,FALSE
25,259,-0.24070256629396,0.236244614442805,0.476947180736766,TRUE,FALSE
25,260,-0.247086668204213,0.230526826427957,0.47761349463217,TRUE,FALSE
25,261,-0.236622400767694,0.23221677975221,0.468839180519905,TRUE,FALSE
25,262,-0.238136828552601,0.221575613891618,0.459712442444219,TRUE,FALSE
25,263,-0.235853073220246,0.244065339285924,0.47991841250617,TRUE,FALSE
25,264,-0.241178628909299,0.236309994086704,0.477488622996003,TRUE,FALSE
25,265,-0.249593078740812,0.23435861981103,0.483951698551842,TRUE,FALSE
25,266,-0.244367528209316,0.234810438023345,0.479177966232661,TRUE,FALSE
25,267,-0.249540682206118,0.236009246905071,0.485549929111189,TRUE,FALSE
25,268,-0.255343741279686,0.229356015261368,0.484699756541054,TRUE,FALSE
25,269,-0.252367872881092,0.255386663210551,0.507754536091643,TRUE,FALSE
25,270,-0.237197793254417,0.23213005212449,0.469327845378907,TRUE,FALSE
25,271,-0.254334335876093,0.233234384332816,0.48756872020891,TRUE,FALSE
25,272,-0.242508832204569,0.233224479319819,0.475733311524387,TRUE,FALSE
25,273,-0.25528609085703,0.229164263775022,0.484450354632052,TRUE,FALSE
25,274,-0.239313320842274,0.236076703237438,0.475390024079712,TRUE,FALSE
25,275,-0.257134319796232,0.236808054773969,0.493942374570201,TRUE,FALSE
25,276,-0.245761918900593,0.23686722377954,0.482629142680133,TRUE,FALSE
25,277,-0.249285660026507,0.23421825269817,0.483503912724677,TRUE,FALSE
25,278,-0.250090770540513,0.234213579778197,0.48430435031871,TRUE,FALSE
25,279,-0.245657235159703,0.233604397580194,0.479261632739897,TRUE,FALSE
25,280,-0.255910713539124,0.233265960108469,0.489176673647593,TRUE,FALSE
25,281,-0.243119500723577,0.210693942911689,0.453813443635266,TRUE,FALSE
25,282,-0.239060230318896,0.235478030627919,0.474538260946815,TRUE,FALSE
25,283,-0.236282034200389,0.233129752104213,0.469411786304602,TRUE,FALSE
25,284,-0.239692594661642,0.236122067472259,0.475814662133901,TRUE,FALSE
25,285,-0.249235732446121,0.232936197980309,0.48217193042643,TRUE,FALSE
25,286,-0.249480773063767,0.232065040669566,0.481545813733333,TRUE,FALSE
25,287,-0.241906793615907,0.2271676578619,0.469074451477807,TRUE,FALSE
25,288,-0.253080597482588,0.245556594734211,0.498637192216799,TRUE,FALSE
25,289,-0.240656666628797,0.254037553695555,0.494694220324352,TRUE,FALSE
25,290,-0.249626582901362,0.232552156459443,0.482178739360805,TRUE,FALSE
25,291,-0.249849358427438,0.229106278195181,0.478955636622619,TRUE,FALSE
25,292,-0.240044858680577,0.233625944941229,0.473670803621806,TRUE,FALSE
25,293,-0.238721368825643,0.244655275257458,0.483376644083101,TRUE,FALSE
25,294,-0.239942793682872,0.220486638030724,0.460429431713596,TRUE,FALSE
25,295,-0.250099574770107,0.229547958205363,0.47964753297547,TRUE,FALSE
25,296,-0.250027802800972,0.237605346081453,0.487633148882425,TRUE,FALSE
25,297,-0.240128775804921,0.244028676104118,0.484157451909039,TRUE,FALSE
25,298,-0.241404095281755,0.220180345100336,0.461584440382091,TRUE,FALSE
25,299,-0.241946691160986,0.224432719404825,0.466379410565811,TRUE,FALSE
25,300,-0.249234930182829,0.238686086566451,0.48792101674928,TRUE,FALSE
25,301,-0.257559658360356,0.232063966670522,0.489623625030878,TRUE,FALSE
25,302,-0.245069359942333,0.231078093219718,0.476147453162052,TRUE,FALSE
25,303,-0.24232307136342,0.232016822800656,0.474339894164076,TRUE,FALSE
25,304,-0.245767616009394,0.226960136840988,0.472727752850382,TRUE,FALSE
25,305,-0.245099357246056,0.25065043301467,0.495749790260727,TRUE,FALSE
25,306,-0.243807541981086,0.239221060729673,0.483028602710759,TRUE,FALSE
25,307,-0.245338665593371,0.232899218241671,0.478237883835042,TRUE,FALSE
25,308,-0.265672854515161,0.237602959408501,0.503275813923662,TRUE,FALSE
25,309,-0.238240215137979,0.232344430072419,0.470584645210399,TRUE,FALSE
25,310,-0.244499882792134,0.223205133362918,0.467705016155052,TRUE,FALSE
25,311,-0.253400557622861,0.223780768742875,0.477181326365735,TRUE,FALSE
25,312,-0.254515679211411,0.233780938028853,0.488296617240265,TRUE,FALSE
25,313,-0.244220257467381,0.247572542014878,0.491792799482259,TRUE,FALSE
25,314,-0.233103454192969,0.249945203529941,0.483048657722911,TRUE,FALSE
25,315,-0.244020772977119,0.234005055278192,0.478025828255311,TRUE,FALSE
25,316,-0.254904446247828,0.246273714054912,0.50117816030274,TRUE,FALSE
25,317,-0.24204776355158,0.228720980068855,0.470768743620435,TRUE,FALSE
25,318,-0.239701821410607,0.235378979746657,0.475080801157263,TRUE,FALSE
25,319,-0.249839055140593,0.232752602075394,0.482591657215987,TRUE,FALSE
25,320,-0.246437026663327,0.2358495658893,0.482286592552627,TRUE,FALSE
25,321,-0.239879696412379,0.234234282470798,0.474113978883176,TRUE,FALSE
25,322,-0.24051244585946,0.234875192380613,0.475387638240073,TRUE,FALSE
25,323,-0.245020911386307,0.236147961630764,0.481168873017071,TRUE,FALSE
25,324,-0.244565070723754,0.233706552608425,0.478271623332179,TRUE,FALSE
25,325,-0.252695365345054,0.252699177350641,0.505394542695695,TRUE,FALSE
25,326,-0.242034808262137,0.241350454496522,0.483385262758659,TRUE,FALSE
25,327,-0.247548891539251,0.231815433777555,0.479364325316806,TRUE,FALSE
25,328,-0.240480775305695,0.240883356506015,0.48136413181171,TRUE,FALSE
25,329,-0.240438699303927,0.25137084305541,0.491809542359337,TRUE,FALSE
25,330,-0.244046181787373,0.235885924802084,0.479932106589457,TRUE,FALSE
25,331,-0.253304770497792,0.223060664083135,0.476365434580928,TRUE,FALSE
25,332,-0.248025005743645,0.23183480138465,0.479859807128295,TRUE,FALSE
25,333,-0.230734022406957,0.227941139365678,0.458675161772635,TRUE,FALSE
25,334,-0.241961611731666,0.233616315076545,0.475577926808211,TRUE,FALSE
25,335,-0.238591968417373,0.25873378628404,0.497325754701413,TRUE,FALSE
25,336,-0.239343325628746,0.246562296741013,0.48590562236976,TRUE,FALSE
25,337,-0.239054840870399,0.235919687303574,0.474974528173973,TRUE,FALSE
25,338,-0.24779365836119,0.237114788553813,0.484908446915003,TRUE,FALSE
25,339,-0.252811569813463,0.2392180819845,0.492029651797964,TRUE,FALSE
25,340,-0.240812019421006,0.231339897329406,0.472151916750412,TRUE,FALSE
25,341,-0.244042307479534,0.233869467052605,0.477911774532139,TRUE,FALSE
25,342,-0.240613423455426,0.236618602079979,0.477232025535405,TRUE,FALSE
25,343,-0.251754317233704,0.240447173109505,0.492201490343208,TRUE,FALSE
25,344,-0.24520165987655,0.235311692460756,0.480513352337306,TRUE,FALSE
25,345,-0.23926286815366,0.246177483901409,0.485440352055069,TRUE,FALSE
25,346,-0.239831630609237,0.242023133584303,0.48185476419354,TRUE,FALSE
25,347,-0.241802894382352,0.239120405241546,0.480923299623899,TRUE,FALSE
25,348,-0.244973386042309,0.236303560718883,0.481276946761192,TRUE,FALSE
25,349,-0.248516809882965,0.24468738189978,0.493204191782745,TRUE,FALSE
25,350,-0.259824990599062,0.231954569629279,0.491779560228342,TRUE,FALSE
25,351,-0.241488177479352,0.236327302993021,0.477815480472374,TRUE,FALSE
25,352,-0.252572361171697,0.22332299630953,0.475895357481228,TRUE,FALSE
25,353,-0.234636765348895,0.226970303457839,0.461607068806734,TRUE,FALSE
25,354,-0.260003517039424,0.23502743372354,0.495030950762964,TRUE,FALSE
25,355,-0.260525189834853,0.233571303178326,0.494096493013178,TRUE,FALSE
25,356,-0.261644730330804,0.232037376546691,0.493682106877495,TRUE,FALSE
25,357,-0.23981950635948,0.244103710950679,0.483923217310159,TRUE,FALSE
25,358,-0.236364464878228,0.227483276803549,0.463847741681777,TRUE,FALSE
25,359,-0.23529491561316,0.229682333279817,0.464977248892978,TRUE,FALSE
25,360,-0.244623103447075,0.234210571417314,0.478833674864388,TRUE,FALSE
25,361,-0.24346887619536,0.232482728944731,0.475951605140092,TRUE,FALSE
25,362,-0.241329721138706,0.230405672402538,0.471735393541244,TRUE,FALSE
25,363,-0.232885902809707,0.212002702620929,0.444888605430637,TRUE,FALSE
25,364,-0.24698546466771,0.251465735145147,0.498451199812857,TRUE,FALSE
25,365,-0.236732376612324,0.226436131465454,0.463168508077778,TRUE,FALSE
25,366,-0.239779396865497,0.228594515751322,0.468373912616819,TRUE,FALSE
25,367,-0.241554491202326,0.232510399945044,0.47406489114737,TRUE,FALSE
25,368,-0.244729167166964,0.233591097707698,0.478320264874662,TRUE,FALSE
25,369,-0.248587483497539,0.232897115838624,0.481484599336163,TRUE,FALSE
25,370,-0.240235392648108,0.236294521020019,0.476529913668127,TRUE,FALSE
25,371,-0.256694690935316,0.234645769688222,0.491340460623538,TRUE,FALSE
25,372,-0.242224885155054,0.226707712320478,0.468932597475531,TRUE,FALSE
25,373,-0.241488953245284,0.238165300878614,0.479654254123898,TRUE,FALSE
25,374,-0.245177975504188,0.231620060304627,0.476798035808815,TRUE,FALSE
25,375,-0.242332813127569,0.22971309779087,0.472045910918438,TRUE,FALSE
25,376,-0.239921495668873,0.220847389385085,0.460768885053959,TRUE,FALSE
25,377,-0.25887288646038,0.238899021519007,0.497771907979387,TRUE,FALSE
25,378,-0.242284046701603,0.249554368060117,0.49183841476172,TRUE,FALSE
25,379,-0.237409970008802,0.228858968064865,0.466268938073667,TRUE,FALSE
25,380,-0.239980396880091,0.230679464132185,0.470659861012276,TRUE,FALSE
25,381,-0.220110864374582,0.234497581645251,0.454608446019833,TRUE,FALSE
25,382,-0.252656276735888,0.236011058647286,0.488667335383174,TRUE,FALSE
25,383,-0.236670416175717,0.235042925156828,0.471713341332545,TRUE,FALSE
25,384,-0.249118142200584,0.242764927391784,0.491883069592368,TRUE,FALSE
25,385,-0.248074615583548,0.242514155068065,0.490588770651613,TRUE,FALSE
25,386,-0.220588507125883,0.218616985982592,0.439205493108475,TRUE,FALSE
25,387,-0.239775173672561,0.24845453659733,0.488229710269891,TRUE,FALSE
25,388,-0.253763818352091,0.21196311047909,0.465726928831181,TRUE,FALSE
25,389,-0.242865219097461,0.238563598919681,0.481428818017142,TRUE,FALSE
25,390,-0.249518719652764,0.232541251914291,0.482059971567056,TRUE,FALSE
25,391,-0.23295594495052,0.234792462878372,0.467748407828891,TRUE,FALSE
25,392,-0.252081023794415,0.248169947940479,0.500250971734894,TRUE,FALSE
25,393,-0.245474085314916,0.232078401508853,0.47755248682377,TRUE,FALSE
25,394,-0.24552961868355,0.238415261551106,0.483944880234656,TRUE,FALSE
25,395,-0.240341344229154,0.237291672758772,0.477633016987926,TRUE,FALSE
25,396,-0.250122092021651,0.233263845814641,0.483385937836292,TRUE,FALSE
25,397,-0.261458607104696,0.242493017390449,0.503951624495145,TRUE,FALSE
25,398,-0.251163407388216,0.240511278082336,0.491674685470553,TRUE,FALSE
25,399,-0.23576146508565,0.242785692364747,0.478547157450397,TRUE,FALSE
25,400,-0.242128850711942,0.227735329323621,0.469864180035563,TRUE,FALSE
25,401,-0.252107502024874,0.226247112011068,0.478354614035942,TRUE,FALSE
25,402,-0.241162799166754,0.244173188714071,0.485335987880824,TRUE,FALSE
25,403,-0.248759210380577,0.246674396508921,0.495433606889498,TRUE,FALSE
25,404,-0.252469125699597,0.225647775226748,0.478116900926346,TRUE,FALSE
25,405,-0.252238680130135,0.241693991513807,0.493932671643942,TRUE,FALSE
25,406,-0.248686500195416,0.222885519881532,0.471572020076948,TRUE,FALSE
25,407,-0.237425965159427,0.232005412668482,0.469431377827909,TRUE,FALSE
25,408,-0.245253041706404,0.231861394276649,0.477114435983053,TRUE,FALSE
25,409,-0.244842538765544,0.234565143248501,0.479407682014045,TRUE,FALSE
25,410,-0.236174185699808,0.231067504735931,0.467241690435739,TRUE,FALSE
25,411,-0.238266220075472,0.233801983967197,0.472068204042669,TRUE,FALSE
25,412,-0.244443420291778,0.238768018522966,0.483211438814744,TRUE,FALSE
25,413,-0.243488634878794,0.234633436831417,0.478122071710211,TRUE,FALSE
25,414,-0.242917240817815,0.230707890156913,0.473625130974728,TRUE,FALSE
25,415,-0.244770461411101,0.232391522820284,0.477161984231386,TRUE,FALSE
25,416,-0.251441433006432,0.242109063739442,0.493550496745874,TRUE,FALSE
25,417,-0.245575224182116,0.244281850307454,0.489857074489571,TRUE,FALSE
25,418,-0.24145321160812,0.231170693119594,0.472623904727715,TRUE,FALSE
25,419,-0.251457143816001,0.232131549017083,0.483588692833084,TRUE,FALSE
25,420,-0.234637177632149,0.242029130887496,0.476666308519646,TRUE,FALSE
25,421,-0.252735939006171,0.242998172208034,0.495734111214205,TRUE,FALSE
25,422,-0.244412551798015,0.233742669676404,0.478155221474419,TRUE,FALSE
25,423,-0.251138524988524,0.247308990137726,0.49844751512625,TRUE,FALSE
25,424,-0.241238130655352,0.233662453324384,0.474900583979736,TRUE,FALSE
25,425,-0.252762362592171,0.243647914796467,0.496410277388638,TRUE,FALSE
25,426,-0.239781253269318,0.243444352126557,0.483225605395874,TRUE,FALSE
25,427,-0.24694348880163,0.237379820293461,0.484323309095091,TRUE,FALSE
25,428,-0.255032653890789,0.233439219102769,0.488471872993558,TRUE,FALSE
25,429,-0.2369864602798,0.231012775121833,0.467999235401634,TRUE,FALSE
25,430,-0.257999369026926,0.235840556891988,0.493839925918915,TRUE,FALSE
25,431,-0.241760146507055,0.240476430920293,0.482236577427348,TRUE,FALSE
25,432,-0.253857467918132,0.233284217266217,0.487141685184348,TRUE,FALSE
25,433,-0.250994440380251,0.23030379973353,0.481298240113781,TRUE,FALSE
25,434,-0.251506515195178,0.236807823662056,0.488314338857234,TRUE,FALSE
25,435,-0.237652007771933,0.232833274776806,0.470485282548739,TRUE,FALSE
25,436,-0.263942588426138,0.246394829210484,0.510337417636622,TRUE,FALSE
25,437,-0.254928245758701,0.249145042958522,0.504073288717223,TRUE,FALSE
25,438,-0.237144809157764,0.236291758755385,0.473436567913149,TRUE,FALSE
25,439,-0.235766758944112,0.231399188160088,0.4671659471042,TRUE,FALSE
25,440,-0.257999512127269,0.228366388803106,0.486365900930375,TRUE,FALSE
25,441,-0.243123100535094,0.23318819896547,0.476311299500564,TRUE,FALSE
25,442,-0.24240748576342,0.230471643148404,0.472879128911824,TRUE,FALSE
25,443,-0.245300789188499,0.239362365368387,0.484663154556885,TRUE,FALSE
25,444,-0.243280042221843,0.242455161707573,0.485735203929416,TRUE,FALSE
25,445,-0.245244030917359,0.231729264474959,0.476973295392317,TRUE,FALSE
25,446,-0.240887757422955,0.233215784289598,0.474103541712553,TRUE,FALSE
25,447,-0.254716028742319,0.230002703881569,0.484718732623888,TRUE,FALSE
25,448,-0.240528321979006,0.232319522591584,0.47284784457059,TRUE,FALSE
25,449,-0.240981321101312,0.245518576343821,0.486499897445133,TRUE,FALSE
25,450,-0.244628325966489,0.242901746404781,0.487530072371269,TRUE,FALSE
25,451,-0.256052283860028,0.229802905298833,0.485855189158861,TRUE,FALSE
25,452,-0.24254463577815,0.240335657675926,0.482880293454076,TRUE,FALSE
25,453,-0.253528355832587,0.25481523820068,0.508343594033267,TRUE,FALSE
25,454,-0.248572409905908,0.233357825054938,0.481930234960847,TRUE,FALSE
25,455,-0.246194027959823,0.24157967145898,0.487773699418803,TRUE,FALSE
25,456,-0.233794242937248,0.243595533071016,0.477389776008263,TRUE,FALSE
25,457,-0.238882125413049,0.240122348604164,0.479004474017213,TRUE,FALSE
25,458,-0.249557642274867,0.229408114685912,0.478965756960779,TRUE,FALSE
25,459,-0.251165084866638,0.233551603854887,0.484716688721524,TRUE,FALSE
25,460,-0.217444097682297,0.234626451684872,0.452070549367169,TRUE,FALSE
25,461,-0.24108269647116,0.245352563848007,0.486435260319167,TRUE,FALSE
25,462,-0.245524358976528,0.235304936326157,0.480829295302685,TRUE,FALSE
25,463,-0.24950328077549,0.245478033699225,0.494981314474715,TRUE,FALSE
25,464,-0.25118517085123,0.238069776700716,0.489254947551947,TRUE,FALSE
25,465,-0.247214207418082,0.232709371142971,0.479923578561054,TRUE,FALSE
25,466,-0.250655779862138,0.221993160018593,0.472648939880731,TRUE,FALSE
25,467,-0.240508517741747,0.251017610591199,0.491526128332946,TRUE,FALSE
25,468,-0.242728485594345,0.223226099101259,0.465954584695604,TRUE,FALSE
25,469,-0.246944547105715,0.232269118813697,0.479213665919413,TRUE,FALSE
25,470,-0.2458360521727,0.242102741628657,0.487938793801358,TRUE,FALSE
25,471,-0.250338304561156,0.235480239065595,0.485818543626751,TRUE,FALSE
25,472,-0.252318700970519,0.230224625012144,0.482543325982663,TRUE,FALSE
25,473,-0.247802971661595,0.224474476281473,0.472277447943068,TRUE,FALSE
25,474,-0.241735766437754,0.23231276471699,0.474048531154745,TRUE,FALSE
25,475,-0.239944511456638,0.241519105244872,0.48146361670151,TRUE,FALSE
25,476,-0.256571512682608,0.227443709524607,0.484015222207215,TRUE,FALSE
25,477,-0.240794836366743,0.230033256860435,0.470828093227178,TRUE,FALSE
25,478,-0.26114428821767,0.242549154677624,0.503693442895295,TRUE,FALSE
25,479,-0.245688221411463,0.234620763695198,0.480308985106662,TRUE,FALSE
25,480,-0.236932613322468,0.232471979999666,0.469404593322134,TRUE,FALSE
25,481,-0.244532451593431,0.234383081795636,0.478915533389067,TRUE,FALSE
25,482,-0.238913219676714,0.234888344237138,0.473801563913852,TRUE,FALSE
25,483,-0.260680666222555,0.240860551618921,0.501541217841476,TRUE,FALSE
25,484,-0.253331651573405,0.245409655869107,0.498741307442512,TRUE,FALSE
25,485,-0.256996625314974,0.241408989128711,0.498405614443686,TRUE,FALSE
25,486,-0.245545181007518,0.243082946315041,0.488628127322559,TRUE,FALSE
25,487,-0.236109924578275,0.234166143414291,0.470276067992566,TRUE,FALSE
25,488,-0.240775821778121,0.236453012873319,0.477228834651439,TRUE,FALSE
25,489,-0.243031449430883,0.233819443784523,0.476850893215406,TRUE,FALSE
25,490,-0.254292761597915,0.240097994083621,0.494390755681536,TRUE,FALSE
25,491,-0.25151401395455,0.237461289431809,0.488975303386358,TRUE,FALSE
25,492,-0.241964864006285,0.228434086105575,0.47039895011186,TRUE,FALSE
25,493,-0.239416292873366,0.235502924807165,0.47491921768053,TRUE,FALSE
25,494,-0.254359391435238,0.230397974378843,0.484757365814082,TRUE,FALSE
25,495,-0.239608975327688,0.230674747228007,0.470283722555695,TRUE,FALSE
25,496,-0.238587060371864,0.250083348333368,0.488670408705231,TRUE,FALSE
25,497,-0.243462052346698,0.230486482012489,0.473948534359188,TRUE,FALSE
25,498,-0.240770886090592,0.244320493715179,0.48509137980577,TRUE,FALSE
25,499,-0.239964820813692,0.231954751345153,0.471919572158845,TRUE,FALSE
25,500,-0.239379957676443,0.230532440606237,0.46991239828268,TRUE,FALSE
25,501,-0.230617693934686,0.234493275887578,0.465110969822264,TRUE,FALSE
25,502,-0.247336687697043,0.242759573868758,0.490096261565801,TRUE,FALSE
25,503,-0.250331842621506,0.229985838615673,0.480317681237179,TRUE,FALSE
25,504,-0.252627622668741,0.236663744936705,0.489291367605446,TRUE,FALSE
25,505,-0.266692395963748,0.228607187656837,0.495299583620585,TRUE,FALSE
25,506,-0.254560425393678,0.224150361329772,0.47871078672345,TRUE,FALSE
25,507,-0.253249395849488,0.247009896848467,0.500259292697955,TRUE,FALSE
25,508,-0.250432184795359,0.23425657926704,0.484688764062399,TRUE,FALSE
25,509,-0.249962585842891,0.244132570519269,0.49409515636216,TRUE,FALSE
25,510,-0.241932452878078,0.236738177091483,0.478670629969562,TRUE,FALSE
25,511,-0.233957542909402,0.237757305413957,0.471714848323359,TRUE,FALSE
25,512,-0.250826336689139,0.232090363274698,0.482916699963836,TRUE,FALSE
25,513,-0.254981217851276,0.232965436165985,0.48794665401726,TRUE,FALSE
25,514,-0.245174565075646,0.232591053556965,0.477765618632611,TRUE,FALSE
25,515,-0.249650805427386,0.240200653915825,0.489851459343211,TRUE,FALSE
25,516,-0.240393985091842,0.231594181791819,0.471988166883661,TRUE,FALSE
25,517,-0.250375332123288,0.232568842905681,0.482944175028969,TRUE,FALSE
25,518,-0.244272630401035,0.231355382527014,0.475628012928049,TRUE,FALSE
25,519,-0.243194854010628,0.22562105400693,0.468815908017558,TRUE,FALSE
25,520,-0.235780102738845,0.251005705490816,0.48678580822966,TRUE,FALSE
25,521,-0.255365167582214,0.214800946975952,0.470166114558166,TRUE,FALSE
25,522,-0.248712727276849,0.231063360505587,0.479776087782435,TRUE,FALSE
25,523,-0.241227365026442,0.232429643892783,0.473657008919225,TRUE,FALSE
25,524,-0.233309376564422,0.244556475056704,0.477865851621126,TRUE,FALSE
25,525,-0.238685185043913,0.244131016936779,0.482816201980692,TRUE,FALSE
25,526,-0.244532047512599,0.228456667353723,0.472988714866322,TRUE,FALSE
25,527,-0.238138882717987,0.248282878170383,0.48642176088837,TRUE,FALSE
25,528,-0.253271548974654,0.222416528021692,0.475688076996346,TRUE,FALSE
25,529,-0.241840262468686,0.232283419272156,0.474123681740842,TRUE,FALSE
25,530,-0.235210217252283,0.241871144360631,0.477081361612914,TRUE,FALSE
25,531,-0.24983134625242,0.23374128989001,0.48357263614243,TRUE,FALSE
25,532,-0.242185267186741,0.224876065282099,0.46706133246884,TRUE,FALSE
25,533,-0.242428340389985,0.229798486245504,0.47222682663549,TRUE,FALSE
25,534,-0.241044815224567,0.24445563112049,0.485500446345057,TRUE,FALSE
25,535,-0.25794551501116,0.229461682445035,0.487407197456195,TRUE,FALSE
25,536,-0.25292535971077,0.246959665812054,0.499885025522824,TRUE,FALSE
25,537,-0.260117020512282,0.232782465106373,0.492899485618654,TRUE,FALSE
25,538,-0.247490680094559,0.243638825958144,0.491129506052703,TRUE,FALSE
25,539,-0.238060654284079,0.22366203072608,0.461722685010159,TRUE,FALSE
25,540,-0.241857260412171,0.246876206555768,0.488733466967939,TRUE,FALSE
25,541,-0.257859365860857,0.230263614775374,0.48812298063623,TRUE,FALSE
25,542,-0.243740234203482,0.246258355823798,0.48999859002728,TRUE,FALSE
25,543,-0.240528647179288,0.231980042023395,0.472508689202683,TRUE,FALSE
25,544,-0.253972703014988,0.233595535635905,0.487568238650893,TRUE,FALSE
25,545,-0.243869925260873,0.230693486384789,0.474563411645661,TRUE,FALSE
25,546,-0.246342886746407,0.231666760221589,0.478009646967996,TRUE,FALSE
25,547,-0.251076366246957,0.243918507606016,0.494994873852973,TRUE,FALSE
25,548,-0.239581099186679,0.23590860202962,0.475489701216299,TRUE,FALSE
25,549,-0.249649369046564,0.233332217244792,0.482981586291356,TRUE,FALSE
25,550,-0.250290052215161,0.236741061109882,0.487031113325042,TRUE,FALSE
25,551,-0.251562266958422,0.230053242796011,0.481615509754433,TRUE,FALSE
25,552,-0.248120479133604,0.230069658362796,0.478190137496401,TRUE,FALSE
25,553,-0.256329893818155,0.230670464071115,0.48700035788927,TRUE,FALSE
25,554,-0.251710263426844,0.245194247594027,0.496904511020871,TRUE,FALSE
25,555,-0.243535827447949,0.205621945733372,0.449157773181321,TRUE,FALSE
25,556,-0.2481935481186,0.24873403179304,0.49692757991164,TRUE,FALSE
25,557,-0.246029255779343,0.2300494245075,0.476078680286843,TRUE,FALSE
25,558,-0.247934595779863,0.239007449877805,0.486942045657669,TRUE,FALSE
25,559,-0.264080566370089,0.242507450599412,0.506588016969501,TRUE,FALSE
25,560,-0.240201909922883,0.230397197542532,0.470599107465416,TRUE,FALSE
25,561,-0.248029767127508,0.243644138134431,0.491673905261939,TRUE,FALSE
25,562,-0.253818887477111,0.243614206716355,0.497433094193466,TRUE,FALSE
25,563,-0.240951049503103,0.244400766959134,0.485351816462237,TRUE,FALSE
25,564,-0.255687114239245,0.237462207739899,0.493149321979143,TRUE,FALSE
25,565,-0.252738740043981,0.244607336883444,0.497346076927425,TRUE,FALSE
25,566,-0.244435940758608,0.248445688350219,0.492881629108827,TRUE,FALSE
25,567,-0.260301855869435,0.229925678056814,0.490227533926249,TRUE,FALSE
25,568,-0.251469888435385,0.22853608428417,0.480005972719556,TRUE,FALSE
25,569,-0.248042411515663,0.233751992816653,0.481794404332316,TRUE,FALSE
25,570,-0.243840382583459,0.241558225148571,0.485398607732031,TRUE,FALSE
25,571,-0.235057492096356,0.245514146497793,0.480571638594149,TRUE,FALSE
25,572,-0.245978879548816,0.23789290377036,0.483871783319176,TRUE,FALSE
25,573,-0.253391398063948,0.236578110911063,0.489969508975011,TRUE,FALSE
25,574,-0.237508847801133,0.240975538328607,0.47848438612974,TRUE,FALSE
25,575,-0.238211094088494,0.235808250973449,0.474019345061943,TRUE,FALSE
25,576,-0.245955590219022,0.231639509018545,0.477595099237567,TRUE,FALSE
25,577,-0.250327283356675,0.242956625641216,0.493283908997891,TRUE,FALSE
25,578,-0.236711628839042,0.243919294506044,0.480630923345086,TRUE,FALSE
25,579,-0.241885124425406,0.211462393472521,0.453347517897927,TRUE,FALSE
25,580,-0.251395137254019,0.2434854511898,0.494880588443819,TRUE,FALSE
25,581,-0.263313808093501,0.231500233125177,0.494814041218677,TRUE,FALSE
25,582,-0.238573517747338,0.242180651182699,0.480754168930038,TRUE,FALSE
25,583,-0.246740625409192,0.234279037902265,0.481019663311457,TRUE,FALSE
25,584,-0.244101650236758,0.238133059892079,0.482234710128837,TRUE,FALSE
25,585,-0.250752745233569,0.236846578978773,0.487599324212342,TRUE,FALSE
25,586,-0.242796753957788,0.236239494015018,0.479036247972807,TRUE,FALSE
25,587,-0.253790981794584,0.243130901007295,0.496921882801878,TRUE,FALSE
25,588,-0.243630764432308,0.246586967154922,0.49021773158723,TRUE,FALSE
25,589,-0.244498355191213,0.242516409369888,0.487014764561101,TRUE,FALSE
25,590,-0.242265025748685,0.236528956023486,0.478793981772172,TRUE,FALSE
25,591,-0.253111962719428,0.236250927040839,0.489362889760267,TRUE,FALSE
25,592,-0.221546184750584,0.229393441662907,0.450939626413491,TRUE,FALSE
25,593,-0.25262326601948,0.246715199532355,0.499338465551835,TRUE,FALSE
25,594,-0.24085721370029,0.253591087874531,0.494448301574821,TRUE,FALSE
25,595,-0.24038759261553,0.231063763442207,0.471451356057737,TRUE,FALSE
25,596,-0.250515818761678,0.233819832490904,0.484335651252582,TRUE,FALSE
25,597,-0.239245263217109,0.228851897278529,0.468097160495638,TRUE,FALSE
25,598,-0.238627195748532,0.221990273240348,0.46061746898888,TRUE,FALSE
25,599,-0.248721163681689,0.212735898422349,0.461457062104038,TRUE,FALSE
25,600,-0.251165268757822,0.235029041310443,0.486194310068265,TRUE,FALSE
25,601,-0.263045290875184,0.233166675710901,0.496211966586084,TRUE,FALSE
25,602,-0.251692613831179,0.231898345511866,0.483590959343046,TRUE,FALSE
25,603,-0.234222609119618,0.235396226656712,0.469618835776331,TRUE,FALSE
25,604,-0.241438320056585,0.233369552633543,0.474807872690128,TRUE,FALSE
25,605,-0.240617464853605,0.234198067945223,0.474815532798828,TRUE,FALSE
25,606,-0.237451609342825,0.211249407246769,0.448701016589593,TRUE,FALSE
25,607,-0.247306653542265,0.233706590733232,0.481013244275496,TRUE,FALSE
25,608,-0.260439606325235,0.234875098804671,0.495314705129906,TRUE,FALSE
25,609,-0.237000654435621,0.239033143893779,0.4760337983294,TRUE,FALSE
25,610,-0.221225900324443,0.238001991971702,0.459227892296146,TRUE,FALSE
25,611,-0.256488179038764,0.232520852364403,0.489009031403167,TRUE,FALSE
25,612,-0.249474222114991,0.244480392951938,0.493954615066929,TRUE,FALSE
25,613,-0.252792352848967,0.23348585550482,0.486278208353787,TRUE,FALSE
25,614,-0.236997584474596,0.237299358681092,0.474296943155688,TRUE,FALSE
25,615,-0.243958203319833,0.235376081719619,0.479334285039451,TRUE,FALSE
25,616,-0.23968282904884,0.235018186401771,0.474701015450611,TRUE,FALSE
25,617,-0.239835449142549,0.245990739895409,0.485826189037957,TRUE,FALSE
25,618,-0.253856789777679,0.240438471644959,0.494295261422638,TRUE,FALSE
25,619,-0.249491485239642,0.233330237104849,0.482821722344491,TRUE,FALSE
25,620,-0.253556820437145,0.234284770940549,0.487841591377694,TRUE,FALSE
25,621,-0.24383810720382,0.234286728514191,0.478124835718011,TRUE,FALSE
25,622,-0.235448046196505,0.232574466620466,0.468022512816971,TRUE,FALSE
25,623,-0.254295519209021,0.229439726617624,0.483735245826645,TRUE,FALSE
25,624,-0.242822140221364,0.231701304001373,0.474523444222737,TRUE,FALSE
25,625,-0.256474890621393,0.228610291821367,0.485085182442759,TRUE,FALSE
25,626,-0.234503207091747,0.249079245453841,0.483582452545588,TRUE,FALSE
25,627,-0.23708549554569,0.227262923326532,0.464348418872221,TRUE,FALSE
25,628,-0.238191363638388,0.224338318164029,0.462529681802417,TRUE,FALSE
25,629,-0.255348499850614,0.232347209205206,0.48769570905582,TRUE,FALSE
25,630,-0.237940413096131,0.234434251244878,0.472374664341009,TRUE,FALSE
25,631,-0.23850511822503,0.239212962782707,0.477718081007737,TRUE,FALSE
25,632,-0.250669411217704,0.234347443784575,0.485016855002279,TRUE,FALSE
25,633,-0.242590841508802,0.234718778670748,0.47730962017955,TRUE,FALSE
25,634,-0.248367286167665,0.244048252096026,0.492415538263692,TRUE,FALSE
25,635,-0.223619546483068,0.236063499545209,0.459683046028277,TRUE,FALSE
25,636,-0.253807804022956,0.24080714776626,0.494614951789217,TRUE,FALSE
25,637,-0.23741648291749,0.231354122460465,0.468770605377955,TRUE,FALSE
25,638,-0.248625727370256,0.234160351529032,0.482786078899288,TRUE,FALSE
25,639,-0.238991603378346,0.242178742383948,0.481170345762294,TRUE,FALSE
25,640,-0.246788015140375,0.229288867651493,0.476076882791868,TRUE,FALSE
25,641,-0.237010660935958,0.237110130527103,0.474120791463061,TRUE,FALSE
25,642,-0.252122893965433,0.241571380254825,0.493694274220258,TRUE,FALSE
25,643,-0.252111889221489,0.236509332923769,0.488621222145258,TRUE,FALSE
25,644,-0.242707235050551,0.23295269294181,0.475659927992361,TRUE,FALSE
25,645,-0.243351526214691,0.240881999012077,0.484233525226768,TRUE,FALSE
25,646,-0.235130858746954,0.230026022036669,0.465156880783623,TRUE,FALSE
25,647,-0.262852049118351,0.222122860405133,0.484974909523484,TRUE,FALSE
25,648,-0.236507082363968,0.246457395577028,0.482964477940996,TRUE,FALSE
25,649,-0.242403791556202,0.242308228823451,0.484712020379654,TRUE,FALSE
25,650,-0.246014191140888,0.234000301561322,0.48001449270221,TRUE,FALSE
25,651,-0.240517133775614,0.230964322554772,0.471481456330386,TRUE,FALSE
25,652,-0.251536817812804,0.230418409781026,0.48195522759383,TRUE,FALSE
25,653,-0.225988212818208,0.233191734428881,0.45917994724709,TRUE,FALSE
25,654,-0.240669711256306,0.225831424781397,0.466501136037703,TRUE,FALSE
25,655,-0.247089208141704,0.233056855404699,0.480146063546403,TRUE,FALSE
25,656,-0.246799133037051,0.242768114946332,0.489567247983383,TRUE,FALSE
25,657,-0.238061757431439,0.246714654174448,0.484776411605887,TRUE,FALSE
25,658,-0.246716638383168,0.231783742319953,0.478500380703121,TRUE,FALSE
25,659,-0.25265232478234,0.25018170468189,0.502834029464231,TRUE,FALSE
25,660,-0.243567087625042,0.232721291356851,0.476288378981894,TRUE,FALSE
25,661,-0.249245010365608,0.235407892338185,0.484652902703793,TRUE,FALSE
25,662,-0.246513598394985,0.233566442096796,0.480080040491781,TRUE,FALSE
25,663,-0.245015858896517,0.23041457646046,0.475430435356977,TRUE,FALSE
25,664,-0.241283300226713,0.234329541029232,0.475612841255945,TRUE,FALSE
25,665,-0.245815187292572,0.243381442415021,0.489196629707593,TRUE,FALSE
25,666,-0.259772365109262,0.225949171386073,0.485721536495335,TRUE,FALSE
25,667,-0.23569560220727,0.245079427938561,0.480775030145831,TRUE,FALSE
25,668,-0.256715716833285,0.230286277217694,0.487001994050979,TRUE,FALSE
25,669,-0.255012125346407,0.243560925680425,0.498573051026832,TRUE,FALSE
25,670,-0.251604714886875,0.250788565727656,0.502393280614531,TRUE,FALSE
25,671,-0.237944983916227,0.235228529338366,0.473173513254594,TRUE,FALSE
25,672,-0.239255013423568,0.247602243961265,0.486857257384833,TRUE,FALSE
25,673,-0.243490425569603,0.24469208743379,0.488182513003392,TRUE,FALSE
25,674,-0.244707466266206,0.236295583740973,0.481003050007179,TRUE,FALSE
25,675,-0.258360375593685,0.239963051861294,0.498323427454979,TRUE,FALSE
25,676,-0.2323947639965,0.229445557834249,0.461840321830749,TRUE,FALSE
25,677,-0.241445437769318,0.241885515274568,0.483330953043887,TRUE,FALSE
25,678,-0.238428318553557,0.242906244691847,0.481334563245404,TRUE,FALSE
25,679,-0.244095993769599,0.237725641984685,0.481821635754285,TRUE,FALSE
25,680,-0.252367842454335,0.243093296380116,0.495461138834451,TRUE,FALSE
25,681,-0.249693142495465,0.236015524909101,0.485708667404566,TRUE,FALSE
25,682,-0.242872811272551,0.234402813980059,0.47727562525261,TRUE,FALSE
25,683,-0.244680753927943,0.244269997774998,0.48895075170294,TRUE,FALSE
25,684,-0.241440879138903,0.233954702002166,0.475395581141068,TRUE,FALSE
25,685,-0.254319403648788,0.232309749560567,0.486629153209355,TRUE,FALSE
25,686,-0.260777921041965,0.230827574375912,0.491605495417877,TRUE,FALSE
25,687,-0.251226018816968,0.241153112115625,0.492379130932593,TRUE,FALSE
25,688,-0.242988168518208,0.248485408217921,0.491473576736129,TRUE,FALSE
25,689,-0.25886190004911,0.241346428752935,0.500208328802046,TRUE,FALSE
25,690,-0.237945191452153,0.236624200443421,0.474569391895574,TRUE,FALSE
25,691,-0.245358213802253,0.238577070347392,0.483935284149645,TRUE,FALSE
25,692,-0.251185608182008,0.24317849162422,0.494364099806228,TRUE,FALSE
25,693,-0.240273932020643,0.253732582174548,0.494006514195191,TRUE,FALSE
25,694,-0.255391924514697,0.217817099933618,0.473209024448314,TRUE,FALSE
25,695,-0.238738112455051,0.229897874407198,0.468635986862248,TRUE,FALSE
25,696,-0.263171127800248,0.255538794132375,0.518709921932623,TRUE,FALSE
25,697,-0.259071190085712,0.220911310494484,0.479982500580196,TRUE,FALSE
25,698,-0.258669491191264,0.230136927352591,0.488806418543855,TRUE,FALSE
25,699,-0.240861185501735,0.234772747379618,0.475633932881354,TRUE,FALSE
25,700,-0.241007203447203,0.231841651375479,0.472848854822683,TRUE,FALSE
25,701,-0.246474758952512,0.236408986331713,0.482883745284225,TRUE,FALSE
25,702,-0.253690952278755,0.248644889735487,0.502335842014242,TRUE,FALSE
25,703,-0.234273451725534,0.220195734824064,0.454469186549598,TRUE,FALSE
25,704,-0.231526313647732,0.23226546910838,0.463791782756112,TRUE,FALSE
25,705,-0.239257141249247,0.231850223947499,0.471107365196746,TRUE,FALSE
25,706,-0.243080861546497,0.248339470423525,0.491420331970021,TRUE,FALSE
25,707,-0.239764935504417,0.243551337137442,0.483316272641859,TRUE,FALSE
25,708,-0.241854005070515,0.24396310410409,0.485817109174605,TRUE,FALSE
25,709,-0.243470554402419,0.233790401728122,0.477260956130541,TRUE,FALSE
25,710,-0.250739077730142,0.231785741510178,0.482524819240319,TRUE,FALSE
25,711,-0.260880460470191,0.213287859477652,0.474168319947843,TRUE,FALSE
25,712,-0.24092236362109,0.234667549771897,0.475589913392986,TRUE,FALSE
25,713,-0.245998172370683,0.241829892922601,0.487828065293284,TRUE,FALSE
25,714,-0.253477834287498,0.242756704816867,0.496234539104365,TRUE,FALSE
25,715,-0.256191769871692,0.218923013428117,0.475114783299809,TRUE,FALSE
25,716,-0.24518909106482,0.244927246476768,0.490116337541587,TRUE,FALSE
25,717,-0.239849464674134,0.248553784928295,0.488403249602429,TRUE,FALSE
25,718,-0.237059152362596,0.24331493395207,0.480374086314666,TRUE,FALSE
25,719,-0.248047400480891,0.239977864490307,0.488025264971198,TRUE,FALSE
25,720,-0.238375182732791,0.237724268707307,0.476099451440098,TRUE,FALSE
25,721,-0.24057483384013,0.23831312383873,0.47888795767886,TRUE,FALSE
25,722,-0.244189702593985,0.240098126298629,0.484287828892615,TRUE,FALSE
25,723,-0.235876987166094,0.237748415660012,0.473625402826107,TRUE,FALSE
25,724,-0.242107952602571,0.245391825606803,0.487499778209374,TRUE,FALSE
25,725,-0.24759909899662,0.217054924915663,0.464654023912282,TRUE,FALSE
25,726,-0.240694594375013,0.230259070858904,0.470953665233917,TRUE,FALSE
25,727,-0.248905019483353,0.234100035871818,0.483005055355172,TRUE,FALSE
25,728,-0.253245252750032,0.231354147720638,0.48459940047067,TRUE,FALSE
25,729,-0.248707727697204,0.223717346616267,0.472425074313471,TRUE,FALSE
25,730,-0.241070103258598,0.218998020267138,0.460068123525736,TRUE,FALSE
25,731,-0.25391802202112,0.231642147063976,0.485560169085097,TRUE,FALSE
25,732,-0.249218076313996,0.231240996299103,0.480459072613099,TRUE,FALSE
25,733,-0.245131390839817,0.235267775286716,0.480399166126532,TRUE,FALSE
25,734,-0.237594971275917,0.230641938635603,0.468236909911521,TRUE,FALSE
25,735,-0.258449347202095,0.227144421395827,0.485593768597921,TRUE,FALSE
25,736,-0.229438056792726,0.234897576907634,0.464335633700359,TRUE,FALSE
25,737,-0.236529124385594,0.227450474202905,0.463979598588499,TRUE,FALSE
25,738,-0.239650064608297,0.231787250277325,0.471437314885622,TRUE,FALSE
25,739,-0.242886358109541,0.233252809565944,0.476139167675485,TRUE,FALSE
25,740,-0.255399985082815,0.232099425301786,0.487499410384601,TRUE,FALSE
25,741,-0.257622580372026,0.242507471021877,0.500130051393903,TRUE,FALSE
25,742,-0.240508668082459,0.232653631115292,0.473162299197751,TRUE,FALSE
25,743,-0.240263780615224,0.232419576327474,0.472683356942698,TRUE,FALSE
25,744,-0.243269839040156,0.236913825926088,0.480183664966244,TRUE,FALSE
25,745,-0.255244744195212,0.248124614228056,0.503369358423268,TRUE,FALSE
25,746,-0.246776560612689,0.240691641799097,0.487468202411787,TRUE,FALSE
25,747,-0.261451608636296,0.236175517442315,0.49762712607861,TRUE,FALSE
25,748,-0.25405890238036,0.242475844940305,0.496534747320665,TRUE,FALSE
25,749,-0.249429385120695,0.231997432403758,0.481426817524453,TRUE,FALSE
25,750,-0.252144427794818,0.235143712320014,0.487288140114832,TRUE,FALSE
25,751,-0.243914544775357,0.232765998559802,0.476680543335158,TRUE,FALSE
25,752,-0.253475898463496,0.235216249830291,0.488692148293787,TRUE,FALSE
25,753,-0.237515703428884,0.244711543874833,0.482227247303717,TRUE,FALSE
25,754,-0.251248860182103,0.235867155101398,0.4871160152835,TRUE,FALSE
25,755,-0.255858603744362,0.237305683078684,0.493164286823047,TRUE,FALSE
25,756,-0.254150018937379,0.232693774641749,0.486843793579128,TRUE,FALSE
25,757,-0.249895928116585,0.236629633237215,0.4865255613538,TRUE,FALSE
25,758,-0.249736202340562,0.242977643278472,0.492713845619034,TRUE,FALSE
25,759,-0.238500824698117,0.232202939088153,0.47070376378627,TRUE,FALSE
25,760,-0.240825923032716,0.245223833994393,0.486049757027109,TRUE,FALSE
25,761,-0.249916947896307,0.251041456117776,0.500958404014083,TRUE,FALSE
25,762,-0.24274723541386,0.234053832406199,0.476801067820059,TRUE,FALSE
25,763,-0.245859076242823,0.230035406016897,0.47589448225972,TRUE,FALSE
25,764,-0.244287372624126,0.226270640178569,0.470558012802695,TRUE,FALSE
25,765,-0.252168241489368,0.243731686083283,0.495899927572651,TRUE,FALSE
25,766,-0.256110101772714,0.228552422227428,0.484662524000142,TRUE,FALSE
25,767,-0.24496583731816,0.243684713107453,0.488650550425612,TRUE,FALSE
25,768,-0.232396322658271,0.238123916713859,0.47052023937213,TRUE,FALSE
25,769,-0.258594478408045,0.242464793458017,0.501059271866061,TRUE,FALSE
25,770,-0.257970081691366,0.241952605397216,0.499922687088582,TRUE,FALSE
25,771,-0.239567650978735,0.233210001024005,0.47277765200274,TRUE,FALSE
25,772,-0.254126596219689,0.243923980344953,0.498050576564642,TRUE,FALSE
25,773,-0.24402098153531,0.234698970440292,0.478719951975602,TRUE,FALSE
25,774,-0.247063620995817,0.241549741815538,0.488613362811355,TRUE,FALSE
25,775,-0.242687514356262,0.246742268783059,0.489429783139321,TRUE,FALSE
25,776,-0.248336689827895,0.242458618484953,0.490795308312849,TRUE,FALSE
25,777,-0.252821218382569,0.233724097006912,0.48654531538948,TRUE,FALSE
25,778,-0.253748970564535,0.231056221606567,0.484805192171103,TRUE,FALSE
25,779,-0.244208033996079,0.234391660804611,0.47859969480069,TRUE,FALSE
25,780,-0.2618092962913,0.23061234245287,0.492421638744171,TRUE,FALSE
25,781,-0.251261121162836,0.24754198649234,0.498803107655176,TRUE,FALSE
25,782,-0.240246998287574,0.232396869600228,0.472643867887802,TRUE,FALSE
25,783,-0.229947153378415,0.243109707759275,0.47305686113769,TRUE,FALSE
25,784,-0.24020893112479,0.228293953374556,0.468502884499345,TRUE,FALSE
25,785,-0.248340940999174,0.232906237744795,0.48124717874397,TRUE,FALSE
25,786,-0.250010343497359,0.246185884792417,0.496196228289776,TRUE,FALSE
25,787,-0.256727390583098,0.244271000936036,0.500998391519134,TRUE,FALSE
25,788,-0.234924354118212,0.220698560876844,0.455622914995056,TRUE,FALSE
25,789,-0.233704787427748,0.251901249651674,0.485606037079422,TRUE,FALSE
25,790,-0.25439223012946,0.239246264567275,0.493638494696735,TRUE,FALSE
25,791,-0.250810502321878,0.248270604317114,0.499081106638992,TRUE,FALSE
25,792,-0.237930189120509,0.235191640262781,0.473121829383291,TRUE,FALSE
25,793,-0.238069696202653,0.231114113889501,0.469183810092154,TRUE,FALSE
25,794,-0.24962474093458,0.261607147835354,0.511231888769934,TRUE,FALSE
25,795,-0.239791917535515,0.245937021823402,0.485728939358917,TRUE,FALSE
25,796,-0.240915051988586,0.23484747635342,0.475762528342006,TRUE,FALSE
25,797,-0.256123195265241,0.227465494178089,0.48358868944333,TRUE,FALSE
25,798,-0.253226293249518,0.243502813634964,0.496729106884483,TRUE,FALSE
25,799,-0.246373443619311,0.244893358158634,0.491266801777945,TRUE,FALSE
25,800,-0.255812410847134,0.234383506793268,0.490195917640402,TRUE,FALSE
25,801,-0.238211533354475,0.231987671520283,0.470199204874758,TRUE,FALSE
25,802,-0.260103838654074,0.232126013292284,0.492229851946359,TRUE,FALSE
25,803,-0.248273063047598,0.251805340961679,0.500078404009277,TRUE,FALSE
25,804,-0.239569077446554,0.230746860069141,0.470315937515695,TRUE,FALSE
25,805,-0.237921474565955,0.235622356710153,0.473543831276107,TRUE,FALSE
25,806,-0.238444648393706,0.2245891541412,0.463033802534905,TRUE,FALSE
25,807,-0.259859433873814,0.237746967992826,0.49760640186664,TRUE,FALSE
25,808,-0.252038509760648,0.233777242734986,0.485815752495634,TRUE,FALSE
25,809,-0.241032986012387,0.232408077544124,0.47344106355651,TRUE,FALSE
25,810,-0.253669723392851,0.234528323555509,0.488198046948361,TRUE,FALSE
25,811,-0.245412087775914,0.21436781218042,0.459779899956333,TRUE,FALSE
25,812,-0.251088820430484,0.238832905675965,0.489921726106449,TRUE,FALSE
25,813,-0.237523238057228,0.233072919272041,0.470596157329268,TRUE,FALSE
25,814,-0.24991321438205,0.238551017468668,0.488464231850719,TRUE,FALSE
25,815,-0.262306677549444,0.248347735487459,0.510654413036903,TRUE,FALSE
25,816,-0.237435110088752,0.246318365292572,0.483753475381325,TRUE,FALSE
25,817,-0.258818182646862,0.238802579330923,0.497620761977784,TRUE,FALSE
25,818,-0.251050257109969,0.241852264094713,0.492902521204683,TRUE,FALSE
25,819,-0.2613832569125,0.235004315350174,0.496387572262675,TRUE,FALSE
25,820,-0.241663639730702,0.249942607104761,0.491606246835463,TRUE,FALSE
25,821,-0.257885224406984,0.238635734874837,0.496520959281821,TRUE,FALSE
25,822,-0.255063330452915,0.248024243366119,0.503087573819033,TRUE,FALSE
25,823,-0.242358761258583,0.243276132373829,0.485634893632412,TRUE,FALSE
25,824,-0.251601709411945,0.233665339040743,0.485267048452688,TRUE,FALSE
25,825,-0.263184413293012,0.229269375751521,0.492453789044532,TRUE,FALSE
25,826,-0.240595450151135,0.247594221668916,0.488189671820051,TRUE,FALSE
25,827,-0.250284682815366,0.232666553535743,0.482951236351108,TRUE,FALSE
25,828,-0.240751302771283,0.224696105909527,0.465447408680809,TRUE,FALSE
25,829,-0.252419622245912,0.251772670224684,0.504192292470596,TRUE,FALSE
25,830,-0.22223148603036,0.228365103259205,0.450596589289565,TRUE,FALSE
25,831,-0.242788949393954,0.211985145424909,0.454774094818863,TRUE,FALSE
25,832,-0.232369161889896,0.238977839123857,0.471347001013753,TRUE,FALSE
25,833,-0.249590996363813,0.243199875062445,0.492790871426258,TRUE,FALSE
25,834,-0.247150125981758,0.230762481076799,0.477912607058557,TRUE,FALSE
25,835,-0.252385480018423,0.230026486894582,0.482411966913005,TRUE,FALSE
25,836,-0.255096440918084,0.221017440334378,0.476113881252462,TRUE,FALSE
25,837,-0.25411212486019,0.241202155971309,0.495314280831498,TRUE,FALSE
25,838,-0.248927195668287,0.231068559394292,0.479995755062579,TRUE,FALSE
25,839,-0.25289774512191,0.214301612845684,0.467199357967594,TRUE,FALSE
25,840,-0.256768569125711,0.233689285086834,0.490457854212544,TRUE,FALSE
25,841,-0.240038997351302,0.227215342554012,0.467254339905314,TRUE,FALSE
25,842,-0.23728667005162,0.250896393382571,0.488183063434191,TRUE,FALSE
25,843,-0.250551401845349,0.243402168837578,0.493953570682927,TRUE,FALSE
25,844,-0.245228730608362,0.256873008924678,0.50210173953304,TRUE,FALSE
25,845,-0.238820058561937,0.233633481449586,0.472453540011523,TRUE,FALSE
25,846,-0.243185812276278,0.232192578012235,0.475378390288513,TRUE,FALSE
25,847,-0.254660550848064,0.235261670647717,0.489922221495781,TRUE,FALSE
25,848,-0.248577973963189,0.233941347243885,0.482519321207073,TRUE,FALSE
25,849,-0.249445561530983,0.232075783688667,0.48152134521965,TRUE,FALSE
25,850,-0.238045989781888,0.231872683236258,0.469918673018146,TRUE,FALSE
25,851,-0.255793248417567,0.232641062969216,0.488434311386783,TRUE,FALSE
25,852,-0.237005848606235,0.234140761003306,0.471146609609541,TRUE,FALSE
25,853,-0.253037302802703,0.239653156910224,0.492690459712926,TRUE,FALSE
25,854,-0.236985594560615,0.232341600192203,0.469327194752818,TRUE,FALSE
25,855,-0.247943562059498,0.233210629097981,0.481154191157479,TRUE,FALSE
25,856,-0.236750088301558,0.236731184829101,0.473481273130659,TRUE,FALSE
25,857,-0.253137529021314,0.231788391577294,0.484925920598608,TRUE,FALSE
25,858,-0.243106088118819,0.231087777854813,0.474193865973632,TRUE,FALSE
25,859,-0.250475155696245,0.244405103571108,0.494880259267353,TRUE,FALSE
25,860,-0.242717184648125,0.230768305502229,0.473485490150355,TRUE,FALSE
25,861,-0.249426832967045,0.242194502812201,0.491621335779247,TRUE,FALSE
25,862,-0.249408759022807,0.23927899366277,0.488687752685578,TRUE,FALSE
25,863,-0.25676894226176,0.240888796570068,0.497657738831828,TRUE,FALSE
25,864,-0.243904133461553,0.244855740057789,0.488759873519342,TRUE,FALSE
25,865,-0.262425092525023,0.231235956644057,0.49366104916908,TRUE,FALSE
25,866,-0.234288162427239,0.246969189371316,0.481257351798555,TRUE,FALSE
25,867,-0.254176153754669,0.212124421061024,0.466300574815692,TRUE,FALSE
25,868,-0.262972448137783,0.254741728929588,0.517714177067371,TRUE,FALSE
25,869,-0.252746743738772,0.244459648671858,0.49720639241063,TRUE,FALSE
25,870,-0.25660588425087,0.236042531762196,0.492648416013066,TRUE,FALSE
25,871,-0.254420303458106,0.237011944639731,0.491432248097836,TRUE,FALSE
25,872,-0.240401115046729,0.238742434065294,0.479143549112022,TRUE,FALSE
25,873,-0.246515632314903,0.243200052393746,0.489715684708649,TRUE,FALSE
25,874,-0.257602260488397,0.232910921922085,0.490513182410482,TRUE,FALSE
25,875,-0.238690601068521,0.231603059120283,0.470293660188804,TRUE,FALSE
25,876,-0.246982510011697,0.228358822780303,0.475341332792001,TRUE,FALSE
25,877,-0.25323953435802,0.234525808047942,0.487765342405962,TRUE,FALSE
25,878,-0.251806135341795,0.218568896560665,0.47037503190246,TRUE,FALSE
25,879,-0.235403778939503,0.234066403946022,0.469470182885525,TRUE,FALSE
25,880,-0.245185193456542,0.229976408497985,0.475161601954527,TRUE,FALSE
25,881,-0.242314273291916,0.231218024363234,0.47353229765515,TRUE,FALSE
25,882,-0.268379573346185,0.239668439452388,0.508048012798573,TRUE,FALSE
25,883,-0.236934464975217,0.22918442717906,0.466118892154276,TRUE,FALSE
25,884,-0.243122209988009,0.24605660477439,0.489178814762399,TRUE,FALSE
25,885,-0.255116071842369,0.230433126380041,0.48554919822241,TRUE,FALSE
25,886,-0.23760778702356,0.233385140009411,0.47099292703297,TRUE,FALSE
25,887,-0.253778284081785,0.250574119519487,0.504352403601272,TRUE,FALSE
25,888,-0.246500937512339,0.22987956788792,0.476380505400258,TRUE,FALSE
25,889,-0.236575715360483,0.245884661780091,0.482460377140574,TRUE,FALSE
25,890,-0.257487483386278,0.232716269515619,0.490203752901896,TRUE,FALSE
25,891,-0.24464710362721,0.238987995866589,0.483635099493799,TRUE,FALSE
25,892,-0.241643796870856,0.244348868921795,0.485992665792652,TRUE,FALSE
25,893,-0.243975400875013,0.235662899533895,0.479638300408907,TRUE,FALSE
25,894,-0.242710073017573,0.241089806778429,0.483799879796002,TRUE,FALSE
25,895,-0.249149074779265,0.25497806485326,0.504127139632525,TRUE,FALSE
25,896,-0.257790428549056,0.241110306847485,0.498900735396542,TRUE,FALSE
25,897,-0.244162840788917,0.235169082393547,0.479331923182464,TRUE,FALSE
25,898,-0.243993109525373,0.23582389525612,0.479817004781494,TRUE,FALSE
25,899,-0.252698859752298,0.239358163969363,0.492057023721661,TRUE,FALSE
25,900,-0.240183845583385,0.23013996972753,0.470323815310915,TRUE,FALSE
25,901,-0.246954011691724,0.249566766098167,0.496520777789891,TRUE,FALSE
25,902,-0.250365154636146,0.241812826811749,0.492177981447895,TRUE,FALSE
25,903,-0.250544954462544,0.236865155973322,0.487410110435865,TRUE,FALSE
25,904,-0.243479112474478,0.232489986488558,0.475969098963036,TRUE,FALSE
25,905,-0.243494352864826,0.229919828709797,0.473414181574622,TRUE,FALSE
25,906,-0.249753508532114,0.226724392835723,0.476477901367837,TRUE,FALSE
25,907,-0.236936547007303,0.242272413696172,0.479208960703475,TRUE,FALSE
25,908,-0.240961419994051,0.233656879510795,0.474618299504846,TRUE,FALSE
25,909,-0.245584658740654,0.230316074133188,0.475900732873841,TRUE,FALSE
25,910,-0.247449826435317,0.241415857359088,0.488865683794405,TRUE,FALSE
25,911,-0.241904384425186,0.23528287860009,0.477187263025276,TRUE,FALSE
25,912,-0.251995715142848,0.233977822037502,0.48597353718035,TRUE,FALSE
25,913,-0.236936833110297,0.232755267559266,0.469692100669564,TRUE,FALSE
25,914,-0.245720449027749,0.247178419258535,0.492898868286283,TRUE,FALSE
25,915,-0.247433929103562,0.247859434804579,0.495293363908141,TRUE,FALSE
25,916,-0.2570310467584,0.241893838186756,0.498924884945156,TRUE,FALSE
25,917,-0.25050773027694,0.226887032223295,0.477394762500234,TRUE,FALSE
25,918,-0.251498094350108,0.249636385914523,0.501134480264632,TRUE,FALSE
25,919,-0.238118123872959,0.243250566710117,0.481368690583076,TRUE,FALSE
25,920,-0.238042073175428,0.213698549952312,0.45174062312774,TRUE,FALSE
25,921,-0.23795035284656,0.232666059770482,0.470616412617041,TRUE,FALSE
25,922,-0.247456259441269,0.232216813794925,0.479673073236194,TRUE,FALSE
25,923,-0.240660204249923,0.239636188460816,0.480296392710739,TRUE,FALSE
25,924,-0.240382257132469,0.234420865617649,0.474803122750118,TRUE,FALSE
25,925,-0.228047418205627,0.231613913584974,0.4596613317906,TRUE,FALSE
25,926,-0.242805929927572,0.23602002468432,0.478825954611892,TRUE,FALSE
25,927,-0.252777488771573,0.235074842150833,0.487852330922406,TRUE,FALSE
25,928,-0.240812989519355,0.249375757110727,0.490188746630082,TRUE,FALSE
25,929,-0.237317875526924,0.231821909864802,0.469139785391726,TRUE,FALSE
25,930,-0.24232201145656,0.23779176351259,0.48011377496915,TRUE,FALSE
25,931,-0.25027818844443,0.238801309268788,0.489079497713218,TRUE,FALSE
25,932,-0.250203047824878,0.228891232757088,0.479094280581966,TRUE,FALSE
25,933,-0.254212777468707,0.245583635001042,0.49979641246975,TRUE,FALSE
25,934,-0.250818386984131,0.218678697819018,0.469497084803149,TRUE,FALSE
25,935,-0.241152684246805,0.2288442938873,0.469996978134105,TRUE,FALSE
25,936,-0.250878937579801,0.233908482340355,0.484787419920156,TRUE,FALSE
25,937,-0.259287100676276,0.231829451869919,0.491116552546195,TRUE,FALSE
25,938,-0.251795805033056,0.254160672370483,0.50595647740354,TRUE,FALSE
25,939,-0.247474598698253,0.233080049622895,0.480554648321147,TRUE,FALSE
25,940,-0.239114944149887,0.238949403736748,0.478064347886635,TRUE,FALSE
25,941,-0.234369910287529,0.234751830257627,0.469121740545156,TRUE,FALSE
25,942,-0.238742603672864,0.233010857745676,0.47175346141854,TRUE,FALSE
25,943,-0.249376673827679,0.221657879291285,0.471034553118964,TRUE,FALSE
25,944,-0.245739817530734,0.245198260821527,0.490938078352261,TRUE,FALSE
25,945,-0.24692904126259,0.232398299754673,0.479327341017262,TRUE,FALSE
25,946,-0.249297850238015,0.23868782646717,0.487985676705185,TRUE,FALSE
25,947,-0.253496734368696,0.240117573229192,0.493614307597889,TRUE,FALSE
25,948,-0.253365155517645,0.242170374463512,0.495535529981158,TRUE,FALSE
25,949,-0.239127644086313,0.239977751998304,0.479105396084616,TRUE,FALSE
25,950,-0.248733297976579,0.236997903489803,0.485731201466382,TRUE,FALSE
25,951,-0.240221787725318,0.236245134989521,0.476466922714839,TRUE,FALSE
25,952,-0.236609316024563,0.248259528027308,0.48486884405187,TRUE,FALSE
25,953,-0.23816111321105,0.230913037098091,0.469074150309141,TRUE,FALSE
25,954,-0.238037641412851,0.243944191520269,0.48198183293312,TRUE,FALSE
25,955,-0.241099171428633,0.244176847813379,0.485276019242012,TRUE,FALSE
25,956,-0.238292102734671,0.224414385445044,0.462706488179715,TRUE,FALSE
25,957,-0.234980578090183,0.232209615206173,0.467190193296356,TRUE,FALSE
25,958,-0.24116024887304,0.241445695041559,0.4826059439146,TRUE,FALSE
25,959,-0.253322153614,0.24320920268396,0.49653135629796,TRUE,FALSE
25,960,-0.253592322430221,0.232848380440323,0.486440702870544,TRUE,FALSE
25,961,-0.243893095395855,0.242885292996918,0.486778388392774,TRUE,FALSE
25,962,-0.233786772194302,0.236069543399947,0.469856315594249,TRUE,FALSE
25,963,-0.239637036356116,0.243215109574568,0.482852145930683,TRUE,FALSE
25,964,-0.240997113750289,0.243691755241948,0.484688868992237,TRUE,FALSE
25,965,-0.249187463353303,0.234422661831574,0.483610125184876,TRUE,FALSE
25,966,-0.242918981657913,0.232432859828658,0.475351841486571,TRUE,FALSE
25,967,-0.253961515240252,0.248674806401365,0.502636321641617,TRUE,FALSE
25,968,-0.243354068449956,0.235522110025697,0.478876178475653,TRUE,FALSE
25,969,-0.249342620042266,0.232950483056827,0.482293103099093,TRUE,FALSE
25,970,-0.243609141761186,0.247746623266461,0.491355765027646,TRUE,FALSE
25,971,-0.248590844371312,0.245199519405931,0.493790363777243,TRUE,FALSE
25,972,-0.261076363334615,0.229235933541934,0.490312296876549,TRUE,FALSE
25,973,-0.245763045709826,0.242927924745092,0.488690970454918,TRUE,FALSE
25,974,-0.234316662888741,0.233956201536523,0.468272864425264,TRUE,FALSE
25,975,-0.248100506559543,0.230303243650438,0.478403750209981,TRUE,FALSE
25,976,-0.245184211140815,0.239757934845505,0.48494214598632,TRUE,FALSE
25,977,-0.257436383310705,0.253541874331008,0.510978257641712,TRUE,FALSE
25,978,-0.241906716776179,0.231356143500625,0.473262860276803,TRUE,FALSE
25,979,-0.240607078681759,0.243021791448241,0.48362887013,TRUE,FALSE
25,980,-0.252798582120634,0.232199625377143,0.484998207497777,TRUE,FALSE
25,981,-0.252053479156071,0.245376996644139,0.497430475800209,TRUE,FALSE
25,982,-0.233403100391959,0.246694540180158,0.480097640572117,TRUE,FALSE
25,983,-0.246846879409096,0.235895896458469,0.482742775867565,TRUE,FALSE
25,984,-0.238313674271144,0.232325769478477,0.47063944374962,TRUE,FALSE
25,985,-0.248749362665638,0.230914177392194,0.479663540057832,TRUE,FALSE
25,986,-0.24122576954108,0.244032195177873,0.485257964718953,TRUE,FALSE
25,987,-0.251796124274873,0.232859884035326,0.484656008310199,TRUE,FALSE
25,988,-0.240591321407889,0.233338443736945,0.473929765144834,TRUE,FALSE
25,989,-0.245973774346985,0.23392962258042,0.479903396927404,TRUE,FALSE
25,990,-0.238356119644325,0.232769690965482,0.471125810609807,TRUE,FALSE
25,991,-0.239309336719425,0.232088299338383,0.471397636057809,TRUE,FALSE
25,992,-0.240344806875662,0.230397035211155,0.470741842086817,TRUE,FALSE
25,993,-0.242478075547049,0.220325090012751,0.4628031655598,TRUE,FALSE
25,994,-0.253174980879237,0.242570619317762,0.495745600196998,TRUE,FALSE
25,995,-0.251492321052,0.23133278118608,0.48282510223808,TRUE,FALSE
25,996,-0.247994706956237,0.244692088103014,0.49268679505925,TRUE,FALSE
25,997,-0.243181680409397,0.228079392571901,0.471261072981298,TRUE,FALSE
25,998,-0.257062154656505,0.230423103598815,0.48748525825532,TRUE,FALSE
25,999,-0.241592310639837,0.236915759771047,0.478508070410884,TRUE,FALSE
25,1000,-0.238821762137713,0.236842139681969,0.475663901819683,TRUE,FALSE
